{"type":"FeatureCollection","crs":{"type":"name","properties":{"name":"urn:ogc:def:crs:OGC:1.3:CRS84"}},"features":[{"type":"Feature","properties":{"ST_NM":"Andaman and Nicobar","NAME_1":"Andaman and Nicobar","code":"DOM-AN","regionCode":"DOM-AN"},"geometry":{"type":"MultiPolygon","coordinates":[[[[93.848,7.24],[93.948,6.999],[93.914,7],[93.945,6.956],[93.897,6.902],[93.902,6.813],[93.851,6.816],[93.827,6.754],[93.745,6.962],[93.663,7.007],[93.656,7.125],[93.686,7.19],[93.848,7.241],[93.848,7.24]]],[[[93.713,7.444],[93.756,7.36],[93.648,7.242],[93.632,7.371],[93.714,7.393],[93.713,7.444],[93.713,7.444]]],[[[93.38,8.025],[93.466,7.929],[93.462,7.872],[93.422,7.907],[93.356,7.889],[93.358,7.942],[93.317,7.934],[93.327,8.002],[93.379,8.025],[93.38,8.025]]],[[[93.547,8.028],[93.578,7.928],[93.507,7.985],[93.547,8.028],[93.547,8.028]]],[[[93.526,8.231],[93.545,8.198],[93.503,8.148],[93.55,8.036],[93.501,7.997],[93.485,8.044],[93.53,8.079],[93.485,8.052],[93.454,8.174],[93.526,8.231],[93.526,8.231]]],[[[93.126,8.356],[93.126,8.276],[93.199,8.194],[93.087,8.269],[93.126,8.356],[93.126,8.356]]],[[[92.788,9.244],[92.824,9.196],[92.854,9.209],[92.831,9.139],[92.732,9.124],[92.721,9.214],[92.788,9.244],[92.788,9.244]]],[[[92.516,10.898],[92.588,10.786],[92.597,10.678],[92.54,10.611],[92.569,10.578],[92.513,10.512],[92.385,10.532],[92.421,10.615],[92.38,10.668],[92.376,10.782],[92.397,10.76],[92.515,10.898],[92.516,10.898]]],[[[92.641,11.51],[92.686,11.437],[92.649,11.407],[92.691,11.37],[92.602,11.346],[92.587,11.4],[92.624,11.407],[92.641,11.51],[92.641,11.51]]],[[[92.219,11.592],[92.271,11.584],[92.27,11.523],[92.215,11.53],[92.218,11.592],[92.219,11.592]]],[[[92.54,11.603],[92.57,11.589],[92.53,11.554],[92.539,11.605],[92.54,11.603]]],[[[92.969,12.034],[93.01,12.019],[93.043,11.882],[92.925,11.996],[92.969,12.034],[92.969,12.034]]],[[[92.991,12.109],[92.993,12.044],[92.96,12.106],[92.991,12.109],[92.991,12.109]]],[[[93.028,12.157],[93.046,12.045],[92.956,12.142],[93.004,12.113],[93.028,12.157],[93.028,12.157]]],[[[93.069,12.211],[93.075,12.084],[93.037,12.133],[93.069,12.212],[93.069,12.211]]],[[[92.701,12.236],[92.704,12.165],[92.757,12.176],[92.735,12.065],[92.784,12.047],[92.739,12.041],[92.769,11.999],[92.728,11.994],[92.724,11.851],[92.68,11.819],[92.718,11.825],[92.747,11.932],[92.784,11.936],[92.789,11.901],[92.755,11.701],[92.702,11.707],[92.708,11.67],[92.666,11.654],[92.695,11.623],[92.722,11.686],[92.757,11.665],[92.711,11.477],[92.647,11.522],[92.647,11.572],[92.618,11.563],[92.608,11.62],[92.644,11.636],[92.608,11.634],[92.588,11.718],[92.561,11.695],[92.546,11.835],[92.513,11.848],[92.562,11.947],[92.611,11.871],[92.624,12.103],[92.701,12.236],[92.701,12.236]]],[[[92.731,12.242],[92.764,12.182],[92.723,12.189],[92.73,12.242],[92.731,12.242]]],[[[93.078,12.262],[93.106,12.26],[93.101,12.204],[93.063,12.229],[93.078,12.262],[93.078,12.262]]],[[[92.941,12.281],[92.922,12.231],[92.901,12.288],[92.934,12.311],[92.941,12.281],[92.941,12.281]]],[[[92.777,12.31],[92.866,12.306],[92.889,12.266],[92.859,12.246],[92.88,12.195],[92.847,12.198],[92.765,12.063],[92.739,12.095],[92.77,12.237],[92.742,12.245],[92.776,12.31],[92.777,12.31]]],[[[93.84,12.321],[93.881,12.237],[93.862,12.266],[93.832,12.241],[93.85,12.269],[93.827,12.245],[93.831,12.315],[93.84,12.321]]],[[[92.899,12.916],[92.981,12.71],[92.968,12.497],[92.914,12.406],[92.835,12.495],[92.899,12.416],[92.796,12.438],[92.791,12.47],[92.895,12.32],[92.72,12.3],[92.685,12.609],[92.753,12.671],[92.785,12.619],[92.789,12.674],[92.779,12.713],[92.733,12.674],[92.724,12.827],[92.761,12.859],[92.782,12.807],[92.792,12.89],[92.873,12.881],[92.899,12.916],[92.899,12.916]]],[[[92.696,12.992],[92.722,12.888],[92.669,12.783],[92.663,12.879],[92.63,12.883],[92.665,12.881],[92.637,12.919],[92.67,12.918],[92.695,12.992],[92.696,12.992]]],[[[93.007,12.997],[92.982,12.933],[92.952,12.941],[92.96,12.989],[93.007,12.997],[93.007,12.997]]],[[[93.029,13.573],[93.021,13.431],[93.071,13.406],[93.028,13.373],[93.091,13.336],[93.066,13.303],[93.042,13.367],[92.951,13.344],[93.067,13.273],[93.035,13.081],[92.975,13.013],[92.937,13.085],[92.894,13.057],[92.939,12.971],[92.912,12.947],[92.882,12.983],[92.873,12.883],[92.842,12.877],[92.794,12.914],[92.825,13.013],[92.788,13.019],[92.81,13.127],[92.847,13.139],[92.81,13.153],[92.854,13.257],[92.823,13.277],[92.867,13.386],[92.843,13.402],[92.93,13.502],[92.918,13.536],[92.988,13.527],[92.988,13.573],[93.01,13.542],[93.029,13.574],[93.029,13.573]]],[[[93.016,13.676],[93.028,13.627],[92.977,13.655],[93.015,13.676],[93.016,13.676]]]]}},{"type":"Feature","properties":{"ST_NM":"Andhra Pradesh","NAME_1":"Andhra Pradesh","code":"DOM-AP","regionCode":"DOM-AP"},"geometry":{"type":"MultiPolygon","coordinates":[[[[82.332,16.725],[82.336,16.691],[82.368,16.723],[82.311,16.602],[82.259,16.69],[82.33,16.725],[82.332,16.725]]],[[[82.299,16.714],[82.294,16.743],[82.22,16.718],[82.218,16.752],[82.175,16.725],[82.258,16.69],[82.292,16.609],[82.26,16.587],[82.3,16.592],[82.268,16.564],[82.31,16.568],[81.945,16.395],[81.72,16.31],[81.365,16.36],[81.346,16.331],[81.393,16.342],[81.231,16.235],[81.146,15.974],[81.004,15.84],[81.012,15.77],[80.966,15.731],[80.823,15.713],[80.78,15.783],[80.814,15.74],[80.806,15.841],[80.687,15.883],[80.431,15.806],[80.27,15.673],[80.201,15.465],[80.08,15.316],[80.048,15.077],[80.089,14.812],[80.059,14.82],[80.199,14.587],[80.122,14.115],[80.245,13.82],[80.237,13.639],[80.315,13.434],[80.147,13.724],[80.138,13.613],[80.107,13.709],[80.051,13.588],[80.115,13.508],[80.262,13.473],[80.269,13.417],[80.313,13.428],[80.312,13.369],[80.23,13.477],[80.008,13.532],[79.99,13.51],[80.036,13.485],[79.962,13.451],[79.925,13.336],[79.721,13.272],[79.785,13.223],[79.744,13.195],[79.689,13.207],[79.668,13.282],[79.58,13.245],[79.536,13.311],[79.429,13.324],[79.375,13.303],[79.425,13.281],[79.424,13.188],[79.348,13.163],[79.308,13.097],[79.218,13.136],[79.153,13.007],[78.98,13.076],[78.914,13.068],[78.894,13.035],[78.925,13.019],[78.882,13.02],[78.876,13.086],[78.702,13.056],[78.694,13.004],[78.651,13.018],[78.614,12.979],[78.647,12.919],[78.548,12.686],[78.484,12.735],[78.51,12.699],[78.455,12.612],[78.368,12.612],[78.264,12.692],[78.19,12.681],[78.229,12.72],[78.241,12.847],[78.303,12.847],[78.345,12.928],[78.436,12.901],[78.454,12.853],[78.423,12.969],[78.458,12.963],[78.452,13.031],[78.569,13.156],[78.541,13.187],[78.578,13.262],[78.556,13.299],[78.521,13.256],[78.472,13.308],[78.367,13.32],[78.397,13.332],[78.355,13.355],[78.391,13.578],[78.228,13.587],[78.183,13.556],[78.194,13.616],[78.156,13.649],[78.081,13.635],[78.058,13.667],[78.105,13.684],[78.106,13.854],[78.041,13.887],[78.038,13.853],[77.985,13.862],[77.945,13.82],[77.979,13.948],[77.912,13.897],[77.818,13.935],[77.828,13.861],[77.713,13.79],[77.709,13.733],[77.649,13.776],[77.611,13.755],[77.629,13.73],[77.52,13.744],[77.522,13.688],[77.45,13.676],[77.457,13.797],[77.409,13.799],[77.424,13.835],[77.25,13.839],[77.234,13.895],[77.179,13.86],[77.177,13.917],[77.162,13.857],[77.124,13.849],[77.167,13.755],[77.06,13.739],[77.026,13.771],[76.993,13.743],[76.968,13.814],[77.036,13.926],[76.931,14.023],[76.975,14.065],[76.891,14.159],[77.02,14.173],[77.024,14.053],[77.121,14.042],[77.147,13.992],[77.314,14.025],[77.354,13.982],[77.348,13.896],[77.397,13.88],[77.431,13.969],[77.326,14.023],[77.395,14.103],[77.344,14.096],[77.348,14.124],[77.41,14.17],[77.5,14.151],[77.499,14.261],[77.386,14.325],[77.416,14.212],[77.384,14.192],[77.359,14.269],[77.28,14.276],[77.281,14.331],[77.152,14.338],[77.105,14.213],[76.938,14.24],[76.95,14.294],[76.879,14.346],[76.883,14.39],[76.942,14.399],[76.973,14.478],[76.87,14.468],[76.761,14.596],[76.78,14.779],[76.849,14.804],[76.865,14.938],[76.764,14.97],[76.771,15.058],[76.797,15.091],[76.877,15.029],[77.079,15],[77.154,15.12],[77.158,15.194],[77.121,15.221],[77.164,15.259],[77.11,15.327],[77.062,15.322],[76.97,15.491],[77.027,15.5],[77.029,15.634],[77.121,15.637],[77.043,15.735],[77.064,15.823],[77.022,15.832],[77.066,15.899],[77.249,15.958],[77.51,15.921],[77.488,16.25],[77.59,16.287],[77.592,16.337],[77.343,16.38],[77.235,16.468],[77.366,16.484],[77.415,16.518],[77.391,16.565],[77.464,16.584],[77.469,16.647],[77.417,16.663],[77.465,16.678],[77.467,16.712],[77.423,16.715],[77.438,16.783],[77.471,16.779],[77.453,16.909],[77.499,17.007],[77.463,17.104],[77.36,17.162],[77.38,17.22],[77.454,17.276],[77.452,17.37],[77.528,17.372],[77.51,17.427],[77.687,17.492],[77.59,17.563],[77.527,17.573],[77.502,17.541],[77.44,17.581],[77.45,17.691],[77.562,17.747],[77.507,17.793],[77.653,17.969],[77.546,18.054],[77.597,18.084],[77.564,18.201],[77.603,18.278],[77.519,18.349],[77.555,18.418],[77.528,18.441],[77.585,18.445],[77.546,18.463],[77.601,18.474],[77.597,18.547],[77.737,18.555],[77.728,18.664],[77.758,18.707],[77.786,18.684],[77.838,18.808],[77.943,18.822],[77.757,19.029],[77.803,19.102],[77.848,19.09],[77.847,19.197],[77.906,19.267],[77.861,19.302],[77.949,19.341],[78.051,19.242],[78.17,19.236],[78.182,19.412],[78.309,19.456],[78.279,19.558],[78.311,19.604],[78.27,19.663],[78.345,19.714],[78.368,19.781],[78.294,19.85],[78.31,19.913],[78.494,19.793],[78.604,19.817],[78.846,19.758],[78.859,19.656],[78.969,19.649],[78.955,19.552],[79.103,19.528],[79.178,19.461],[79.223,19.468],[79.244,19.613],[79.47,19.497],[79.543,19.549],[79.598,19.504],[79.621,19.565],[79.74,19.603],[79.811,19.574],[79.973,19.401],[79.92,19.226],[79.943,19.171],[79.858,19.104],[79.86,19.035],[79.934,19.022],[79.909,18.807],[80.111,18.676],[80.267,18.718],[80.342,18.586],[80.484,18.628],[80.633,18.519],[80.727,18.409],[80.788,18.254],[80.733,18.219],[80.735,18.172],[80.798,18.166],[80.83,18.234],[80.868,18.207],[80.862,18.133],[80.974,18.168],[80.944,18.081],[81.045,17.784],[81.16,17.853],[81.263,17.811],[81.611,17.815],[81.663,17.877],[81.703,17.861],[82.025,18.058],[82.16,18.044],[82.261,17.982],[82.267,18.048],[82.33,18.04],[82.333,18.142],[82.364,18.135],[82.306,18.196],[82.393,18.306],[82.334,18.317],[82.384,18.369],[82.361,18.41],[82.474,18.537],[82.554,18.438],[82.532,18.393],[82.6,18.369],[82.581,18.27],[82.627,18.229],[82.659,18.287],[82.767,18.331],[82.799,18.439],[82.885,18.413],[82.903,18.356],[83.053,18.375],[83.06,18.429],[83.015,18.444],[83.089,18.538],[83.032,18.548],[83.054,18.587],[83.008,18.588],[83.011,18.639],[83.133,18.772],[83.205,18.716],[83.219,18.766],[83.396,18.831],[83.411,18.859],[83.347,18.927],[83.38,18.923],[83.346,18.957],[83.329,18.917],[83.305,18.99],[83.409,18.996],[83.456,18.946],[83.459,19.07],[83.505,19.065],[83.495,19.011],[83.531,19.005],[83.623,19.154],[83.746,18.918],[83.78,18.908],[83.74,18.978],[83.788,19.008],[83.87,18.818],[84.027,18.802],[84.082,18.745],[84.313,18.779],[84.336,18.867],[84.362,18.851],[84.365,18.896],[84.429,18.914],[84.415,19.014],[84.472,18.981],[84.566,19.065],[84.59,19.013],[84.665,19.066],[84.592,19.124],[84.705,19.149],[84.746,19.048],[84.356,18.556],[84.126,18.352],[84.125,18.309],[83.573,18.018],[83.458,17.921],[83.345,17.725],[83.306,17.688],[83.264,17.711],[83.295,17.675],[83.214,17.591],[82.608,17.296],[82.368,17.118],[82.249,16.93],[82.312,16.84],[82.354,16.852],[82.324,16.989],[82.358,16.964],[82.343,16.738],[82.3,16.714],[82.299,16.714]]]]}},{"type":"Feature","properties":{"ST_NM":"Telangana","NAME_1":"Telangana","name":"Telangana","code":"DOM-TS","regionCode":"DOM-TS"},"geometry":{"type":"Polygon","coordinates":[[[77.08,15.92],[77.52,15.78],[78.26,15.84],[79.02,16.02],[79.82,16.14],[80.42,16.34],[80.88,16.78],[80.76,17.28],[80.92,17.86],[80.48,18.38],[80.12,18.88],[79.48,19.48],[78.78,19.78],[78.18,19.62],[77.86,19.08],[77.46,18.58],[77.56,18.02],[77.22,17.44],[77.42,16.82],[77.18,16.34],[77.08,15.92]]]}},{"type":"Feature","properties":{"ST_NM":"Arunachal Pradesh","NAME_1":"Arunachal Pradesh","code":"DOM-AR","regionCode":"DOM-AR"},"geometry":{"type":"Polygon","coordinates":[[[96.158,29.383],[96.244,29.235],[96.363,29.286],[96.393,29.256],[96.346,29.171],[96.115,29.078],[96.185,28.988],[96.145,28.938],[96.166,28.906],[96.347,29.032],[96.525,29.079],[96.477,28.994],[96.616,28.779],[96.586,28.722],[96.473,28.688],[96.494,28.638],[96.343,28.551],[96.324,28.53],[96.373,28.487],[96.264,28.413],[96.371,28.394],[96.399,28.345],[96.458,28.419],[96.665,28.466],[96.783,28.37],[96.899,28.386],[96.996,28.316],[97.093,28.37],[97.401,28.201],[97.331,28.163],[97.308,28.077],[97.415,28.024],[97.378,27.986],[97.389,27.896],[97.321,27.89],[97.309,27.93],[97.257,27.91],[96.898,27.621],[96.938,27.53],[96.912,27.463],[97.167,27.155],[97.146,27.103],[96.866,27.2],[96.889,27.264],[96.802,27.354],[96.621,27.373],[96.522,27.294],[96.311,27.302],[96.099,27.231],[95.946,27.06],[95.808,27.02],[95.731,26.887],[95.673,26.91],[95.612,26.821],[95.533,26.831],[95.423,26.697],[95.303,26.656],[95.238,26.686],[95.245,26.787],[95.184,26.865],[95.234,26.891],[95.195,27.043],[95.248,27.03],[95.458,27.136],[95.46,27.213],[95.516,27.269],[95.59,27.23],[95.806,27.292],[95.894,27.263],[96.021,27.371],[95.978,27.436],[95.917,27.443],[95.893,27.406],[95.889,27.444],[95.849,27.43],[95.881,27.553],[95.787,27.623],[95.796,27.688],[95.758,27.731],[95.978,27.968],[95.607,27.958],[95.516,27.882],[95.384,27.842],[95.317,27.871],[94.861,27.739],[94.46,27.558],[94.431,27.603],[94.276,27.593],[94.252,27.641],[94.211,27.611],[94.259,27.523],[94.157,27.478],[93.809,27.152],[93.835,27.075],[93.676,26.971],[93.489,26.939],[93.348,26.963],[93.019,26.917],[92.872,27.008],[92.659,27.038],[92.645,26.987],[92.585,26.962],[92.108,26.894],[92.103,27.008],[92.034,27.065],[92.023,27.162],[92.07,27.224],[92.04,27.267],[92.121,27.288],[92.059,27.327],[92.019,27.48],[91.653,27.483],[91.562,27.584],[91.64,27.758],[91.552,27.859],[91.824,27.81],[91.861,27.737],[91.919,27.715],[92.21,27.859],[92.264,27.858],[92.316,27.778],[92.501,27.841],[92.561,27.821],[92.74,27.989],[92.663,28.063],[92.687,28.126],[92.965,28.262],[93,28.231],[93.024,28.303],[93.219,28.334],[93.231,28.401],[93.183,28.44],[93.276,28.505],[93.337,28.64],[93.491,28.684],[93.775,28.669],[93.844,28.707],[93.926,28.672],[94.001,28.776],[93.995,28.841],[94.155,28.955],[94.215,29.084],[94.431,29.227],[94.558,29.229],[94.628,29.349],[94.777,29.241],[94.798,29.165],[94.872,29.184],[95.023,29.131],[94.998,29.173],[95.41,29.034],[95.483,29.071],[95.496,29.14],[95.547,29.129],[95.538,29.214],[95.778,29.356],[95.957,29.383],[96.07,29.462],[96.15,29.399],[96.158,29.383]]]}},{"type":"Feature","properties":{"ST_NM":"Assam","NAME_1":"Assam","code":"DOM-AS","regionCode":"DOM-AS"},"geometry":{"type":"MultiPolygon","coordinates":[[[[95.952,27.942],[95.759,27.727],[95.798,27.608],[95.881,27.553],[95.849,27.43],[95.889,27.444],[95.893,27.406],[95.917,27.443],[95.978,27.436],[96.018,27.368],[95.894,27.263],[95.806,27.292],[95.59,27.23],[95.511,27.266],[95.46,27.213],[95.458,27.136],[95.248,27.03],[95.198,27.044],[95.021,26.925],[94.894,26.937],[94.759,26.774],[94.468,26.67],[94.408,26.614],[94.4,26.532],[94.317,26.463],[94.277,26.559],[94.186,26.46],[94.175,26.344],[94.108,26.326],[94.005,26.173],[93.955,26.007],[93.979,25.92],[93.796,25.814],[93.773,25.966],[93.688,25.909],[93.706,25.849],[93.332,25.547],[93.462,25.435],[93.474,25.309],[93.389,25.246],[93.336,25.096],[93.249,25.019],[93.262,24.951],[93.197,24.811],[93.11,24.81],[93.076,24.71],[93.105,24.675],[93.075,24.596],[93.107,24.584],[93.061,24.575],[93.039,24.411],[92.829,24.378],[92.765,24.521],[92.691,24.355],[92.624,24.333],[92.612,24.253],[92.551,24.246],[92.53,24.175],[92.467,24.135],[92.422,24.253],[92.213,24.249],[92.272,24.378],[92.234,24.562],[92.298,24.737],[92.24,24.899],[92.298,24.92],[92.391,24.85],[92.492,24.874],[92.489,24.954],[92.424,24.996],[92.484,25.108],[92.543,25.1],[92.525,25.14],[92.625,25.119],[92.667,25.177],[92.804,25.219],[92.765,25.249],[92.784,25.332],[92.567,25.468],[92.653,25.592],[92.573,25.56],[92.558,25.612],[92.502,25.623],[92.385,25.754],[92.161,25.672],[92.153,25.813],[92.225,25.907],[92.164,25.912],[92.156,25.945],[92.297,26.079],[91.991,26.041],[91.922,26],[91.876,26.098],[91.819,26.119],[91.731,26.059],[91.72,25.954],[91.669,25.905],[91.611,25.94],[91.632,26.022],[91.576,26.033],[91.475,25.871],[91.525,25.873],[91.334,25.839],[91.224,25.723],[91.18,25.776],[91.197,25.859],[91.001,25.822],[91.029,25.888],[90.968,25.887],[90.943,25.948],[90.919,25.913],[90.81,25.952],[90.778,25.908],[90.74,25.915],[90.747,25.957],[90.686,25.951],[90.625,25.899],[90.629,25.937],[90.582,25.96],[90.513,25.896],[90.534,25.958],[90.477,26.015],[90.183,25.945],[90.119,25.961],[89.945,25.825],[89.955,25.774],[89.893,25.735],[90.017,25.602],[89.87,25.544],[89.885,25.63],[89.814,25.817],[89.89,25.94],[89.828,25.944],[89.875,25.976],[89.84,26.011],[89.823,25.985],[89.813,26.042],[89.792,26.018],[89.789,26.103],[89.695,26.189],[89.732,26.212],[89.697,26.217],[89.729,26.238],[89.705,26.27],[89.737,26.271],[89.718,26.306],[89.759,26.289],[89.782,26.353],[89.857,26.384],[89.827,26.396],[89.87,26.448],[89.862,26.737],[90.128,26.749],[90.189,26.771],[90.215,26.854],[90.302,26.848],[90.409,26.902],[90.56,26.801],[90.7,26.768],[91.054,26.779],[91.097,26.82],[91.336,26.78],[91.408,26.836],[91.493,26.79],[91.687,26.805],[91.858,26.914],[92.055,26.848],[92.108,26.894],[92.585,26.962],[92.645,26.987],[92.659,27.038],[92.872,27.008],[93.019,26.917],[93.655,26.966],[93.835,27.075],[93.809,27.152],[94.157,27.478],[94.259,27.523],[94.211,27.611],[94.252,27.641],[94.276,27.593],[94.431,27.603],[94.46,27.558],[94.861,27.739],[95.317,27.871],[95.384,27.842],[95.516,27.882],[95.607,27.958],[95.965,27.953],[95.952,27.942]]]]}},{"type":"Feature","properties":{"ST_NM":"Bihar","NAME_1":"Bihar","code":"DOM-BR","regionCode":"DOM-BR"},"geometry":{"type":"MultiPolygon","coordinates":[[[[84.12,27.514],[84.211,27.442],[84.256,27.452],[84.293,27.385],[84.622,27.338],[84.693,27.215],[84.645,27.047],[84.965,26.96],[84.97,26.916],[85.062,26.887],[85.024,26.855],[85.198,26.867],[85.179,26.812],[85.212,26.759],[85.336,26.741],[85.637,26.872],[85.737,26.796],[85.735,26.654],[85.853,26.61],[85.852,26.568],[86.031,26.666],[86.22,26.588],[86.33,26.619],[86.734,26.422],[86.768,26.459],[86.896,26.462],[87.074,26.585],[87.094,26.45],[87.165,26.404],[87.259,26.411],[87.343,26.348],[87.371,26.408],[87.469,26.44],[87.608,26.381],[87.68,26.435],[87.769,26.412],[87.792,26.469],[87.851,26.436],[87.891,26.486],[87.929,26.418],[88.033,26.365],[88.097,26.437],[88.106,26.536],[88.145,26.511],[88.231,26.552],[88.179,26.491],[88.268,26.422],[88.229,26.39],[88.28,26.335],[88.013,26.141],[87.964,26.152],[87.972,26.085],[87.842,26.044],[87.804,25.921],[87.823,25.872],[87.911,25.852],[87.898,25.77],[88.049,25.691],[88.021,25.587],[88.07,25.48],[87.926,25.536],[87.864,25.465],[87.781,25.445],[87.784,25.332],[87.855,25.29],[87.837,25.199],[87.58,25.348],[87.54,25.282],[87.481,25.295],[87.472,25.195],[87.323,25.223],[87.291,25.089],[87.211,25.09],[87.147,25.024],[87.158,24.886],[87.079,24.822],[87.05,24.607],[86.93,24.643],[86.911,24.539],[86.8,24.565],[86.777,24.62],[86.668,24.561],[86.603,24.605],[86.506,24.518],[86.452,24.369],[86.279,24.462],[86.323,24.584],[86.133,24.604],[86.124,24.705],[86.039,24.741],[86.051,24.779],[85.95,24.732],[85.878,24.8],[85.737,24.823],[85.697,24.713],[85.65,24.687],[85.665,24.582],[85.577,24.603],[85.518,24.524],[85.487,24.551],[85.282,24.527],[85.282,24.497],[85.151,24.463],[85.169,24.43],[85.089,24.379],[85.076,24.44],[84.898,24.372],[84.88,24.463],[84.834,24.453],[84.833,24.512],[84.795,24.529],[84.679,24.456],[84.658,24.394],[84.573,24.412],[84.522,24.376],[84.493,24.287],[84.293,24.451],[84.326,24.503],[84.293,24.566],[84.257,24.531],[84.188,24.555],[84.179,24.51],[84.146,24.54],[84.11,24.481],[84.047,24.612],[83.992,24.638],[83.933,24.552],[83.868,24.533],[83.717,24.505],[83.498,24.527],[83.541,24.626],[83.498,24.652],[83.48,24.738],[83.387,24.784],[83.318,25.017],[83.35,25.199],[83.695,25.396],[83.762,25.388],[83.838,25.437],[83.81,25.466],[83.917,25.558],[84.076,25.637],[84.094,25.72],[84.148,25.731],[84.203,25.67],[84.286,25.662],[84.331,25.745],[84.488,25.678],[84.536,25.727],[84.552,25.684],[84.556,25.736],[84.631,25.728],[84.62,25.794],[84.527,25.834],[84.529,25.878],[84.166,25.991],[84.116,26.075],[84.049,26.1],[84.005,26.234],[84.157,26.244],[84.171,26.374],[84.072,26.384],[84.011,26.448],[83.902,26.45],[83.902,26.518],[84.048,26.544],[84.082,26.643],[84.272,26.599],[84.414,26.627],[84.402,26.671],[84.326,26.684],[84.298,26.753],[84.234,26.739],[84.241,26.862],[84.169,26.834],[84.141,26.888],[84.052,26.892],[84.041,27.045],[83.991,27.069],[84.021,27.096],[83.939,27.093],[83.985,27.182],[83.898,27.259],[83.924,27.316],[83.829,27.323],[83.906,27.376],[83.87,27.428],[84.029,27.434],[84.12,27.514],[84.12,27.514]]]]}},{"type":"Feature","properties":{"ST_NM":"Chandigarh","NAME_1":"Chandigarh","code":"DOM-CH","regionCode":"DOM-CH"},"geometry":{"type":"Polygon","coordinates":[[[76.82,30.686],[76.726,30.696],[76.691,30.76],[76.798,30.785],[76.828,30.764],[76.818,30.691],[76.82,30.686]]]}},{"type":"Feature","properties":{"ST_NM":"Chhattisgarh","NAME_1":"Chhattisgarh","code":"DOM-CT","regionCode":"DOM-CT"},"geometry":{"type":"Polygon","coordinates":[[[83.328,24.1],[83.507,24.028],[83.561,23.863],[83.695,23.821],[83.715,23.683],[83.775,23.599],[83.935,23.563],[83.938,23.622],[84.007,23.632],[84.023,23.544],[83.966,23.381],[84.043,23.374],[84.07,23.33],[84.034,23.138],[84.129,23.081],[84.148,22.964],[84.19,23.024],[84.217,22.977],[84.371,22.975],[84.377,22.876],[84.225,22.735],[84.221,22.669],[84.08,22.637],[84.005,22.57],[83.976,22.502],[84.042,22.464],[84.004,22.368],[83.861,22.344],[83.753,22.243],[83.619,22.196],[83.557,22.1],[83.6,22.066],[83.532,22.034],[83.535,21.963],[83.6,21.911],[83.585,21.844],[83.467,21.783],[83.484,21.742],[83.42,21.675],[83.484,21.626],[83.453,21.605],[83.441,21.649],[83.381,21.613],[83.335,21.496],[83.403,21.348],[83.27,21.375],[83.275,21.286],[83.218,21.26],[83.19,21.136],[83.12,21.101],[82.956,21.175],[82.636,21.149],[82.622,21.037],[82.486,20.904],[82.459,20.824],[82.347,20.884],[82.368,20.624],[82.324,20.554],[82.429,20.426],[82.394,20.335],[82.429,20.283],[82.379,20.145],[82.391,20.06],[82.598,19.986],[82.707,19.99],[82.711,19.849],[82.585,19.771],[82.591,19.866],[82.439,19.903],[82.339,19.83],[82.231,19.998],[82.178,19.978],[82.058,20.05],[82.024,20.01],[81.941,20.102],[81.874,20.046],[81.85,19.908],[81.96,19.855],[81.98,19.796],[82.06,19.783],[82.022,19.502],[82.092,19.51],[82.119,19.424],[82.183,19.418],[82.141,19.362],[82.183,19.32],[82.16,19.127],[82.212,19.09],[82.24,18.91],[82.173,18.895],[82.161,18.791],[82.081,18.756],[82.079,18.712],[81.968,18.691],[81.947,18.629],[81.885,18.65],[81.947,18.559],[81.858,18.513],[81.745,18.345],[81.658,18.339],[81.528,18.259],[81.477,17.97],[81.437,17.876],[81.394,17.885],[81.384,17.803],[81.16,17.853],[81.038,17.786],[80.944,18.081],[80.974,18.168],[80.862,18.133],[80.868,18.207],[80.83,18.234],[80.798,18.166],[80.735,18.172],[80.733,18.219],[80.788,18.25],[80.727,18.409],[80.488,18.627],[80.339,18.588],[80.24,18.752],[80.348,18.816],[80.268,18.987],[80.383,19.239],[80.568,19.401],[80.61,19.307],[80.672,19.326],[80.689,19.284],[80.749,19.287],[80.845,19.361],[80.788,19.427],[80.892,19.466],[80.828,19.563],[80.657,19.612],[80.666,19.692],[80.54,19.775],[80.542,19.819],[80.469,19.825],[80.478,19.772],[80.395,19.795],[80.498,19.869],[80.406,19.933],[80.52,19.931],[80.546,20.066],[80.498,20.139],[80.394,20.144],[80.414,20.19],[80.383,20.242],[80.618,20.334],[80.586,20.396],[80.622,20.604],[80.512,20.585],[80.482,20.617],[80.58,20.684],[80.542,20.934],[80.459,20.928],[80.424,21.01],[80.455,21.169],[80.603,21.227],[80.673,21.298],[80.656,21.331],[80.73,21.472],[80.719,21.712],[80.743,21.758],[80.811,21.747],[80.841,21.857],[80.818,21.957],[80.906,22.114],[80.951,22.113],[80.979,22.048],[81.004,22.07],[80.972,22.122],[81.016,22.133],[81.019,22.229],[81.114,22.294],[81.11,22.441],[81.18,22.49],[81.218,22.452],[81.275,22.499],[81.304,22.482],[81.323,22.524],[81.379,22.505],[81.397,22.441],[81.519,22.54],[81.616,22.539],[81.656,22.632],[81.763,22.664],[81.769,22.873],[81.94,22.957],[81.938,23.078],[82.116,23.104],[82.151,23.142],[82.186,23.325],[82.099,23.398],[82.046,23.378],[82.016,23.424],[81.976,23.413],[81.916,23.532],[81.827,23.511],[81.736,23.567],[81.607,23.507],[81.57,23.589],[81.687,23.721],[81.598,23.854],[81.611,23.907],[81.662,23.926],[81.783,23.812],[81.916,23.873],[82.045,23.821],[82.204,23.853],[82.226,23.807],[82.516,23.784],[82.527,23.824],[82.652,23.857],[82.656,23.908],[82.799,23.962],[82.95,23.873],[83.127,23.89],[83.324,24.101],[83.328,24.1]]]}},{"type":"Feature","properties":{"ST_NM":"Dadra and Nagar Haveli","NAME_1":"Dadra and Nagar Haveli","code":"DOM-DN","regionCode":"DOM-DN"},"geometry":{"type":"Polygon","coordinates":[[[72.99,20.292],[73.02,20.317],[73.044,20.291],[73.103,20.36],[73.113,20.305],[73.177,20.312],[73.064,20.203],[73.082,20.157],[73.15,20.173],[73.146,20.207],[73.228,20.187],[73.199,20.062],[73.061,20.099],[73.053,20.068],[73.01,20.14],[72.985,20.113],[72.975,20.226],[72.922,20.274],[72.99,20.277],[72.99,20.292]]]}},{"type":"Feature","properties":{"ST_NM":"Daman and Diu","NAME_1":"Daman and Diu","code":"DOM-DD","regionCode":"DOM-DD"},"geometry":{"type":"MultiPolygon","coordinates":[[[[70.948,20.734],[70.997,20.713],[70.897,20.7],[70.939,20.736],[70.948,20.734]]],[[[70.768,20.962],[70.846,20.971],[70.902,20.903],[70.817,20.851],[70.896,20.825],[70.844,20.76],[70.874,20.705],[70.838,20.69],[70.674,20.758],[70.734,20.988],[70.762,20.966],[70.768,20.962]]]]}},{"type":"Feature","properties":{"ST_NM":"Delhi","NAME_1":"Delhi","code":"DOM-DL","regionCode":"DOM-DL"},"geometry":{"type":"Polygon","coordinates":[[[77.217,28.835],[77.197,28.795],[77.323,28.716],[77.338,28.617],[77.294,28.58],[77.338,28.509],[77.237,28.48],[77.241,28.429],[77.166,28.409],[77.073,28.52],[77.006,28.543],[77.005,28.514],[76.879,28.509],[76.838,28.557],[76.878,28.638],[76.934,28.638],[76.942,28.821],[77.076,28.884],[77.211,28.845],[77.217,28.835]]]}},{"type":"Feature","properties":{"ST_NM":"Goa","NAME_1":"Goa","code":"DOM-GA","regionCode":"DOM-GA"},"geometry":{"type":"MultiPolygon","coordinates":[[[[73.88,15.779],[73.945,15.742],[74.002,15.609],[74.19,15.681],[74.255,15.654],[74.287,15.526],[74.256,15.489],[74.342,15.293],[74.257,15.258],[74.322,15.184],[74.278,15.096],[74.302,15.04],[74.212,14.921],[74.187,14.953],[74.175,14.909],[74.043,14.918],[74.05,14.989],[73.912,15.084],[73.948,15.146],[73.887,15.349],[73.783,15.409],[73.897,15.415],[73.788,15.461],[73.805,15.495],[73.765,15.495],[73.731,15.59],[73.755,15.617],[73.679,15.722],[73.793,15.724],[73.875,15.783],[73.88,15.779]]]]}},{"type":"Feature","properties":{"ST_NM":"Gujarat","NAME_1":"Gujarat","code":"DOM-GJ","regionCode":"DOM-GJ"},"geometry":{"type":"MultiPolygon","coordinates":[[[[72.677,21.156],[72.71,21.141],[72.689,21.09],[72.675,21.156],[72.677,21.156]]],[[[69.628,22.46],[69.636,22.407],[69.588,22.437],[69.625,22.46],[69.628,22.46]]],[[[69.919,22.553],[69.942,22.518],[69.862,22.527],[69.917,22.553],[69.919,22.553]]],[[[70.009,22.593],[70.027,22.568],[69.958,22.55],[70.004,22.593],[70.009,22.593]]],[[[68.558,23.314],[68.615,23.271],[68.541,23.266],[68.557,23.314],[68.558,23.314]]],[[[68.359,23.805],[68.426,23.796],[68.39,23.654],[68.39,23.686],[68.315,23.583],[68.274,23.592],[68.307,23.631],[68.197,23.597],[68.205,23.648],[68.312,23.65],[68.231,23.643],[68.334,23.711],[68.357,23.805],[68.359,23.805]]],[[[68.308,23.824],[68.324,23.734],[68.286,23.755],[68.274,23.701],[68.307,23.824],[68.308,23.824]]],[[[68.496,23.831],[68.517,23.755],[68.488,23.737],[68.465,23.775],[68.477,23.741],[68.437,23.739],[68.448,23.806],[68.495,23.831],[68.496,23.831]]],[[[68.396,23.878],[68.427,23.81],[68.405,23.793],[68.38,23.838],[68.401,23.79],[68.33,23.787],[68.394,23.878],[68.396,23.878]]],[[[68.449,23.939],[68.442,23.87],[68.422,23.895],[68.35,23.846],[68.353,23.901],[68.447,23.939],[68.449,23.939]]],[[[68.535,23.946],[68.589,23.917],[68.517,23.857],[68.486,23.89],[68.526,23.893],[68.535,23.946],[68.535,23.946]]],[[[68.482,23.993],[68.519,23.924],[68.444,23.849],[68.463,23.932],[68.428,23.938],[68.477,23.993],[68.482,23.993]]],[[[68.43,23.995],[68.415,23.93],[68.345,23.901],[68.337,23.819],[68.266,23.793],[68.267,23.692],[68.238,23.681],[68.193,23.731],[68.234,23.775],[68.213,23.835],[68.287,23.839],[68.249,23.854],[68.318,23.879],[68.259,23.875],[68.277,23.915],[68.428,23.995],[68.43,23.995]]],[[[72.102,24.643],[72.186,24.609],[72.354,24.618],[72.251,24.58],[72.442,24.504],[72.465,24.407],[72.508,24.41],[72.545,24.507],[72.697,24.457],[72.733,24.361],[72.868,24.366],[72.924,24.326],[72.992,24.364],[72.963,24.384],[73,24.471],[73.099,24.491],[73.085,24.395],[73.17,24.351],[73.231,24.365],[73.145,24.308],[73.083,24.185],[73.224,24.098],[73.199,24.052],[73.246,24.011],[73.374,24.128],[73.425,23.931],[73.362,23.862],[73.363,23.787],[73.508,23.703],[73.513,23.617],[73.577,23.655],[73.661,23.623],[73.633,23.452],[73.704,23.456],[73.726,23.413],[73.765,23.459],[73.832,23.447],[73.894,23.337],[73.963,23.381],[74.044,23.296],[74.107,23.294],[74.127,23.179],[74.183,23.152],[74.246,23.188],[74.349,23.03],[74.362,22.933],[74.4,22.899],[74.451,22.924],[74.479,22.859],[74.381,22.639],[74.265,22.645],[74.153,22.517],[74.045,22.542],[74.037,22.491],[74.085,22.509],[74.123,22.421],[74.191,22.478],[74.294,22.395],[74.207,22.368],[74.191,22.322],[74.072,22.36],[74.076,22.222],[74.123,22.213],[74.13,22.098],[74.181,22.087],[74.098,22.015],[74.149,21.961],[73.816,21.829],[73.898,21.667],[73.788,21.625],[73.861,21.496],[74.068,21.559],[74.183,21.562],[74.205,21.529],[74.309,21.567],[74.328,21.496],[74.111,21.448],[74.067,21.482],[74.049,21.419],[73.953,21.402],[73.948,21.298],[73.832,21.267],[73.823,21.172],[73.636,21.133],[73.588,21.168],[73.66,21.108],[73.753,21.114],[73.775,21.011],[73.906,20.983],[73.95,20.742],[73.823,20.694],[73.838,20.616],[73.671,20.562],[73.607,20.636],[73.538,20.674],[73.498,20.653],[73.483,20.717],[73.454,20.71],[73.403,20.643],[73.501,20.54],[73.391,20.39],[73.43,20.206],[73.311,20.207],[73.26,20.125],[73.201,20.13],[73.229,20.184],[73.18,20.209],[73.128,20.157],[73.072,20.163],[73.077,20.23],[73.179,20.287],[73.113,20.305],[73.107,20.361],[73.044,20.291],[73.02,20.317],[72.984,20.272],[72.925,20.279],[72.969,20.211],[72.874,20.226],[72.835,20.145],[72.738,20.137],[72.776,20.334],[72.845,20.407],[72.876,20.381],[72.837,20.428],[72.892,20.531],[72.851,20.741],[72.89,20.748],[72.835,20.782],[72.794,20.945],[72.777,20.915],[72.752,20.947],[72.723,21.049],[72.77,21.067],[72.704,21.075],[72.721,21.143],[72.667,21.155],[72.627,21.076],[72.618,21.223],[72.653,21.227],[72.587,21.276],[72.697,21.465],[72.645,21.434],[72.674,21.52],[72.742,21.55],[72.626,21.492],[72.597,21.552],[72.629,21.618],[72.835,21.668],[72.538,21.664],[72.507,21.701],[72.57,21.824],[72.518,21.857],[72.502,21.955],[72.582,22.201],[72.647,22.217],[72.758,22.174],[72.809,22.246],[72.878,22.224],[72.916,22.278],[72.889,22.244],[72.844,22.282],[72.752,22.231],[72.635,22.285],[72.541,22.243],[72.543,22.281],[72.486,22.197],[72.493,22.248],[72.389,22.31],[72.394,22.383],[72.361,22.375],[72.404,22.352],[72.372,22.317],[72.414,22.297],[72.416,22.227],[72.4,22.199],[72.356,22.271],[72.391,22.168],[72.358,22.193],[72.344,22.125],[72.294,22.202],[72.324,22.13],[72.278,21.932],[72.242,22.05],[72.298,22.064],[72.3,22.109],[72.265,22.105],[72.233,22.018],[72.172,22.041],[72.231,22.008],[72.221,21.956],[72.147,21.983],[72.253,21.897],[72.265,21.74],[72.183,21.824],[72.241,21.787],[72.306,21.628],[72.223,21.439],[72.109,21.283],[72.076,21.303],[72.114,21.197],[72.008,21.133],[72.011,21.186],[71.977,21.121],[71.807,21.038],[71.515,20.948],[71.44,20.869],[71.378,20.874],[71.05,20.731],[70.874,20.71],[70.92,20.737],[70.844,20.76],[70.896,20.825],[70.817,20.851],[70.9,20.886],[70.887,20.945],[70.736,20.99],[70.666,20.752],[70.439,20.853],[70.099,21.105],[69.713,21.529],[69.764,21.579],[69.738,21.65],[69.676,21.639],[69.697,21.593],[69.633,21.643],[69.724,21.572],[69.711,21.539],[69.588,21.621],[69.055,22.128],[68.936,22.31],[68.985,22.414],[69.067,22.48],[69.069,22.396],[69.194,22.424],[69.158,22.313],[69.233,22.258],[69.334,22.33],[69.489,22.338],[69.524,22.386],[69.498,22.436],[69.591,22.361],[69.576,22.319],[69.699,22.396],[69.672,22.451],[69.728,22.474],[69.798,22.4],[69.834,22.501],[69.87,22.447],[69.976,22.543],[70.163,22.552],[70.493,23.075],[70.4,23.03],[70.387,22.949],[70.348,22.93],[70.198,22.998],[70.22,22.956],[70.123,22.961],[70.153,23.03],[70.126,22.947],[70.091,22.953],[70.132,22.925],[69.799,22.851],[69.705,22.728],[69.634,22.795],[69.601,22.759],[69.555,22.792],[69.47,22.774],[69.356,22.829],[69.191,22.841],[68.659,23.15],[68.585,23.235],[68.631,23.213],[68.604,23.243],[68.672,23.27],[68.63,23.296],[68.758,23.33],[68.65,23.304],[68.492,23.501],[68.497,23.653],[68.761,23.875],[68.604,23.85],[68.525,23.759],[68.515,23.825],[68.663,23.917],[68.559,23.924],[68.547,23.963],[68.749,23.962],[68.773,24.294],[68.826,24.308],[68.848,24.208],[68.888,24.196],[68.947,24.277],[69.001,24.226],[69.093,24.269],[69.2,24.235],[69.31,24.277],[69.601,24.278],[69.725,24.175],[70.001,24.166],[70.119,24.291],[70.575,24.42],[70.612,24.401],[70.574,24.252],[70.806,24.223],[70.901,24.263],[70.885,24.291],[70.96,24.346],[71.047,24.347],[71.132,24.402],[71.008,24.442],[70.998,24.541],[71.02,24.631],[71.107,24.681],[71.298,24.608],[71.351,24.653],[71.383,24.622],[71.537,24.679],[71.662,24.633],[71.799,24.671],[71.858,24.604],[71.876,24.675],[71.944,24.627],[72.052,24.706],[72.091,24.649],[72.102,24.643]]]]}},{"type":"Feature","properties":{"ST_NM":"Haryana","NAME_1":"Haryana","code":"DOM-HR","regionCode":"DOM-HR"},"geometry":{"type":"Polygon","coordinates":[[[76.837,30.879],[76.902,30.897],[76.954,30.811],[76.998,30.814],[77.013,30.742],[77.077,30.745],[77.153,30.689],[77.157,30.6],[77.112,30.567],[77.203,30.48],[77.401,30.419],[77.451,30.465],[77.435,30.404],[77.51,30.449],[77.592,30.371],[77.415,30.157],[77.414,30.107],[77.27,30.048],[77.117,29.771],[77.143,29.706],[77.085,29.534],[77.139,29.442],[77.12,29.35],[77.154,29.335],[77.122,29.106],[77.214,29.007],[77.19,28.956],[77.221,28.904],[77.142,28.843],[77.076,28.884],[76.942,28.821],[76.934,28.638],[76.878,28.638],[76.833,28.582],[76.879,28.509],[77.005,28.514],[77.006,28.543],[77.073,28.52],[77.166,28.409],[77.241,28.429],[77.243,28.485],[77.335,28.511],[77.475,28.413],[77.495,28.293],[77.465,28.277],[77.539,28.254],[77.519,28.202],[77.489,28.212],[77.542,28.182],[77.469,28.086],[77.536,27.949],[77.235,27.786],[77.194,27.822],[77.126,27.776],[77.038,27.82],[77.021,27.778],[77.079,27.738],[76.993,27.742],[76.971,27.657],[76.905,27.656],[76.881,27.699],[76.915,27.701],[76.883,27.724],[76.962,28.144],[76.864,28.225],[76.651,28.097],[76.66,28.019],[76.538,27.971],[76.538,28.039],[76.454,28.05],[76.498,28.065],[76.449,28.093],[76.498,28.107],[76.471,28.155],[76.377,28.138],[76.289,28.183],[76.356,28.128],[76.297,28.101],[76.355,28.074],[76.337,28.03],[76.265,28.069],[76.177,28.059],[76.214,28.032],[76.155,27.999],[76.223,27.841],[76.173,27.808],[76.088,27.868],[75.963,27.865],[75.977,27.909],[75.924,27.933],[75.963,27.937],[75.97,28.031],[76.036,28.074],[75.985,28.051],[75.936,28.093],[76.028,28.173],[76.093,28.155],[75.922,28.369],[75.77,28.408],[75.778,28.458],[75.629,28.546],[75.618,28.602],[75.556,28.615],[75.467,28.926],[75.511,29.011],[75.435,29.017],[75.361,29.143],[75.401,29.189],[75.396,29.262],[75.315,29.236],[75.319,29.293],[75.224,29.235],[75.18,29.269],[75.078,29.233],[75.04,29.287],[74.953,29.282],[74.927,29.365],[74.841,29.404],[74.757,29.356],[74.65,29.372],[74.642,29.331],[74.596,29.328],[74.529,29.45],[74.579,29.459],[74.614,29.527],[74.567,29.564],[74.605,29.753],[74.472,29.744],[74.465,29.788],[74.554,29.866],[74.505,29.908],[74.525,29.952],[74.647,29.905],[74.691,29.969],[74.801,29.993],[74.916,29.949],[74.99,29.857],[75.085,29.915],[75.09,29.807],[75.154,29.781],[75.182,29.839],[75.231,29.752],[75.158,29.663],[75.221,29.607],[75.224,29.546],[75.296,29.568],[75.318,29.671],[75.35,29.659],[75.335,29.694],[75.444,29.808],[75.569,29.743],[75.697,29.755],[75.706,29.809],[75.772,29.825],[75.879,29.747],[76.041,29.749],[76.078,29.806],[76.242,29.869],[76.166,29.929],[76.204,29.944],[76.191,30.016],[76.255,30.105],[76.191,30.135],[76.204,30.159],[76.323,30.108],[76.326,30.149],[76.39,30.128],[76.41,30.202],[76.452,30.101],[76.601,30.08],[76.639,30.206],[76.584,30.256],[76.532,30.227],[76.548,30.265],[76.715,30.333],[76.739,30.36],[76.7,30.394],[76.758,30.439],[76.832,30.434],[76.88,30.36],[76.93,30.393],[76.889,30.441],[76.913,30.6],[76.862,30.679],[76.819,30.661],[76.847,30.793],[76.763,30.893],[76.81,30.93],[76.823,30.888],[76.837,30.879]]]}},{"type":"Feature","properties":{"ST_NM":"Himachal Pradesh","NAME_1":"Himachal Pradesh","code":"DOM-HP","regionCode":"DOM-HP"},"geometry":{"type":"Polygon","coordinates":[[[76.803,33.237],[76.828,33.246],[76.803,33.156],[76.877,33.114],[76.918,33.034],[77.136,32.98],[77.146,32.914],[77.174,32.931],[77.328,32.82],[77.388,32.886],[77.455,32.862],[77.665,32.986],[77.713,32.972],[77.79,32.905],[77.761,32.865],[77.915,32.766],[77.903,32.693],[77.983,32.587],[78.371,32.762],[78.389,32.623],[78.297,32.578],[78.278,32.508],[78.31,32.476],[78.382,32.53],[78.438,32.505],[78.438,32.456],[78.519,32.419],[78.439,32.246],[78.593,32.219],[78.597,32.122],[78.771,32],[78.691,31.793],[78.734,31.692],[78.78,31.69],[78.831,31.615],[78.707,31.518],[78.796,31.453],[78.776,31.401],[78.834,31.372],[78.829,31.33],[78.997,31.115],[78.871,31.107],[78.795,31.205],[78.648,31.195],[78.595,31.236],[78.47,31.204],[78.356,31.291],[78.014,31.155],[77.888,31.155],[77.801,31.062],[77.817,30.954],[77.735,30.96],[77.746,30.922],[77.796,30.924],[77.789,30.858],[77.745,30.881],[77.688,30.769],[77.779,30.664],[77.782,30.619],[77.73,30.598],[77.811,30.533],[77.575,30.427],[77.565,30.385],[77.51,30.449],[77.416,30.408],[77.451,30.465],[77.401,30.419],[77.203,30.48],[77.122,30.548],[77.153,30.689],[77.077,30.745],[77.013,30.742],[76.998,30.814],[76.954,30.811],[76.902,30.897],[76.852,30.871],[76.81,30.93],[76.77,30.906],[76.61,31.004],[76.626,31.11],[76.589,31.128],[76.59,31.183],[76.635,31.213],[76.581,31.216],[76.602,31.251],[76.57,31.28],[76.535,31.255],[76.467,31.31],[76.431,31.283],[76.363,31.441],[76.296,31.319],[76.173,31.307],[76.135,31.362],[76.153,31.414],[75.922,31.817],[75.972,31.814],[75.894,31.95],[75.579,32.082],[75.662,32.165],[75.62,32.185],[75.623,32.235],[75.736,32.274],[75.935,32.425],[75.851,32.508],[75.924,32.644],[75.912,32.757],[75.787,32.893],[75.834,32.935],[75.934,32.884],[75.987,32.901],[76.094,33.005],[76.237,33.033],[76.392,33.187],[76.582,33.207],[76.627,33.163],[76.73,33.179],[76.755,33.249],[76.797,33.241],[76.803,33.237]]]}},{"type":"Feature","properties":{"ST_NM":"Jammu and Kashmir","NAME_1":"Jammu and Kashmir","name":"Jammu and Kashmir","code":"DOM-JK","regionCode":"DOM-JK"},"geometry":{"type":"Polygon","coordinates":[[[74.02,32.44],[73.84,32.78],[73.76,33.12],[73.96,33.45],[74.12,33.82],[74,34.26],[74.22,34.72],[74.62,35.12],[75.06,35.38],[75.52,35.44],[75.92,35.28],[76.18,34.96],[76.03,34.55],[76.34,34.18],[76.12,33.84],[75.72,33.78],[75.42,33.46],[75.04,33.22],[74.66,32.86],[74.26,32.58],[74.02,32.44]]]}},{"type":"Feature","properties":{"ST_NM":"Ladakh","NAME_1":"Ladakh","name":"Ladakh","code":"DOM-LA","regionCode":"DOM-LA"},"geometry":{"type":"Polygon","coordinates":[[[75.92,35.28],[76.52,35.6],[77.18,35.76],[77.92,35.64],[78.64,35.28],[79.32,35.2],[80.06,34.92],[80.64,34.46],[80.9,33.94],[80.46,33.52],[79.72,33.34],[78.98,33.24],[78.36,33.04],[77.7,32.84],[77.08,33.1],[76.58,33.48],[76.12,33.84],[76.34,34.18],[76.03,34.55],[76.18,34.96],[75.92,35.28]]]}},{"type":"Feature","properties":{"ST_NM":"Jharkhand","NAME_1":"Jharkhand","code":"DOM-JH","regionCode":"DOM-JH"},"geometry":{"type":"Polygon","coordinates":[[[87.6,25.315],[87.684,25.31],[87.708,25.256],[87.783,25.246],[87.776,25.091],[87.877,25.028],[87.973,24.896],[87.818,24.766],[87.901,24.722],[87.913,24.659],[87.873,24.611],[87.91,24.594],[87.848,24.551],[87.769,24.582],[87.806,24.545],[87.795,24.491],[87.823,24.494],[87.785,24.415],[87.81,24.407],[87.756,24.304],[87.636,24.242],[87.69,24.15],[87.569,24.156],[87.608,24.129],[87.576,24.085],[87.494,24.115],[87.511,24.04],[87.434,24.008],[87.458,23.981],[87.238,24.041],[87.294,23.899],[87.27,23.873],[87.248,23.907],[87.243,23.826],[87.131,23.867],[87.166,23.82],[87.124,23.795],[86.895,23.88],[86.882,23.814],[86.871,23.844],[86.793,23.831],[86.82,23.761],[86.792,23.687],[86.44,23.63],[86.358,23.543],[86.372,23.483],[86.3,23.42],[86.243,23.42],[86.239,23.47],[86.145,23.473],[86.145,23.568],[86.047,23.584],[86.011,23.552],[86.047,23.494],[85.859,23.451],[85.896,23.371],[85.826,23.263],[85.832,23.195],[85.915,23.13],[86.037,23.144],[86.213,22.992],[86.54,22.987],[86.518,22.944],[86.433,22.923],[86.463,22.897],[86.416,22.776],[86.507,22.701],[86.539,22.721],[86.618,22.673],[86.652,22.576],[86.76,22.572],[86.798,22.484],[86.751,22.451],[86.844,22.396],[86.829,22.325],[86.885,22.297],[86.886,22.252],[86.79,22.263],[86.8,22.214],[86.748,22.208],[86.5,22.341],[86.433,22.302],[86.28,22.445],[86.107,22.485],[86.038,22.564],[85.954,22.456],[86.009,22.424],[85.993,22.338],[86.043,22.306],[85.97,22.243],[86.027,22.185],[85.905,21.967],[85.761,21.99],[85.788,22.077],[85.831,22.077],[85.802,22.111],[85.681,22.049],[85.645,22.09],[85.54,22.087],[85.394,22.159],[85.3,22.107],[85.231,22],[85.095,22.099],[84.98,22.085],[85.024,22.112],[85.07,22.272],[85.115,22.291],[85.063,22.478],[84.894,22.418],[84.808,22.447],[84.744,22.415],[84.527,22.42],[84.426,22.349],[84.289,22.337],[84.153,22.401],[84.135,22.471],[84.002,22.521],[84.005,22.57],[84.08,22.637],[84.221,22.669],[84.225,22.735],[84.37,22.864],[84.389,22.939],[84.371,22.975],[84.215,22.977],[84.19,23.024],[84.148,22.964],[84.129,23.081],[84.034,23.138],[84.07,23.33],[84.043,23.374],[83.966,23.381],[84.023,23.544],[84.007,23.632],[83.938,23.622],[83.935,23.563],[83.775,23.599],[83.715,23.683],[83.695,23.821],[83.561,23.863],[83.507,24.028],[83.324,24.101],[83.402,24.266],[83.376,24.314],[83.451,24.365],[83.4,24.409],[83.395,24.504],[83.868,24.533],[83.933,24.552],[83.992,24.638],[84.047,24.612],[84.11,24.481],[84.146,24.54],[84.179,24.51],[84.188,24.555],[84.257,24.531],[84.297,24.563],[84.326,24.503],[84.293,24.451],[84.493,24.287],[84.522,24.376],[84.573,24.412],[84.658,24.394],[84.679,24.456],[84.795,24.529],[84.833,24.512],[84.834,24.453],[84.88,24.463],[84.898,24.372],[85.076,24.44],[85.089,24.379],[85.169,24.43],[85.151,24.463],[85.282,24.497],[85.282,24.527],[85.487,24.551],[85.518,24.524],[85.577,24.603],[85.665,24.582],[85.65,24.687],[85.697,24.713],[85.737,24.823],[85.878,24.8],[85.95,24.732],[86.051,24.779],[86.039,24.741],[86.124,24.705],[86.133,24.604],[86.323,24.584],[86.279,24.462],[86.452,24.369],[86.506,24.518],[86.603,24.605],[86.668,24.561],[86.777,24.62],[86.8,24.565],[86.911,24.539],[86.93,24.643],[87.05,24.607],[87.077,24.818],[87.151,24.858],[87.144,25.018],[87.177,25.064],[87.291,25.089],[87.323,25.223],[87.472,25.195],[87.49,25.305],[87.536,25.28],[87.547,25.331],[87.589,25.322],[87.6,25.315]]]}},{"type":"Feature","properties":{"ST_NM":"Karnataka","NAME_1":"Karnataka","code":"DOM-KA","regionCode":"DOM-KA"},"geometry":{"type":"MultiPolygon","coordinates":[[[[77.337,18.435],[77.37,18.448],[77.37,18.401],[77.41,18.389],[77.362,18.308],[77.436,18.306],[77.465,18.26],[77.51,18.307],[77.603,18.278],[77.564,18.201],[77.597,18.084],[77.546,18.054],[77.653,17.969],[77.507,17.793],[77.562,17.747],[77.45,17.691],[77.44,17.581],[77.502,17.541],[77.527,17.573],[77.59,17.563],[77.688,17.498],[77.51,17.427],[77.528,17.372],[77.452,17.37],[77.454,17.276],[77.38,17.22],[77.36,17.162],[77.463,17.104],[77.499,17.007],[77.453,16.909],[77.471,16.779],[77.438,16.783],[77.423,16.715],[77.467,16.712],[77.465,16.678],[77.417,16.663],[77.469,16.647],[77.464,16.584],[77.391,16.565],[77.415,16.518],[77.366,16.484],[77.235,16.468],[77.343,16.38],[77.592,16.337],[77.592,16.29],[77.488,16.25],[77.51,15.921],[77.181,15.95],[77.077,15.91],[77.022,15.832],[77.064,15.823],[77.047,15.725],[77.125,15.659],[77.116,15.625],[77.029,15.634],[77.027,15.5],[76.97,15.491],[77.062,15.322],[77.11,15.327],[77.164,15.259],[77.121,15.221],[77.163,15.161],[77.079,15],[76.774,15.071],[76.764,14.97],[76.865,14.938],[76.849,14.804],[76.78,14.779],[76.761,14.596],[76.87,14.468],[76.973,14.478],[76.942,14.399],[76.883,14.39],[76.879,14.346],[76.95,14.294],[76.944,14.236],[77.105,14.213],[77.152,14.338],[77.281,14.331],[77.28,14.276],[77.359,14.269],[77.384,14.192],[77.416,14.212],[77.386,14.325],[77.499,14.261],[77.5,14.151],[77.41,14.17],[77.348,14.124],[77.344,14.096],[77.395,14.103],[77.326,14.023],[77.431,13.969],[77.397,13.88],[77.348,13.896],[77.354,13.982],[77.314,14.025],[77.147,13.992],[77.121,14.042],[77.024,14.053],[77.02,14.173],[76.891,14.159],[76.975,14.065],[76.931,14.023],[77.036,13.926],[76.968,13.814],[76.994,13.742],[77.026,13.771],[77.06,13.739],[77.167,13.755],[77.124,13.849],[77.162,13.857],[77.177,13.917],[77.179,13.86],[77.234,13.895],[77.25,13.839],[77.424,13.835],[77.409,13.799],[77.457,13.797],[77.445,13.696],[77.477,13.678],[77.487,13.707],[77.522,13.688],[77.52,13.744],[77.621,13.727],[77.649,13.776],[77.709,13.733],[77.713,13.79],[77.828,13.861],[77.818,13.935],[77.912,13.897],[77.979,13.948],[77.945,13.82],[77.985,13.862],[78.038,13.853],[78.041,13.887],[78.114,13.841],[78.105,13.684],[78.058,13.667],[78.081,13.635],[78.156,13.649],[78.194,13.616],[78.183,13.556],[78.228,13.587],[78.391,13.578],[78.355,13.355],[78.397,13.332],[78.367,13.32],[78.472,13.308],[78.521,13.256],[78.556,13.299],[78.578,13.262],[78.541,13.187],[78.569,13.156],[78.452,13.031],[78.458,12.963],[78.423,12.969],[78.454,12.853],[78.436,12.901],[78.345,12.928],[78.303,12.847],[78.241,12.847],[78.221,12.753],[78.121,12.77],[78.047,12.842],[78.015,12.846],[78.001,12.795],[77.946,12.849],[77.91,12.82],[77.924,12.878],[77.826,12.859],[77.785,12.834],[77.799,12.787],[77.731,12.664],[77.59,12.658],[77.57,12.558],[77.606,12.5],[77.575,12.468],[77.625,12.477],[77.62,12.409],[77.543,12.284],[77.47,12.262],[77.466,12.202],[77.726,12.167],[77.768,12.106],[77.665,11.94],[77.484,11.932],[77.419,11.751],[77.242,11.803],[77.103,11.763],[77.109,11.713],[77.004,11.803],[76.96,11.765],[76.9,11.783],[76.829,11.644],[76.837,11.575],[76.56,11.61],[76.504,11.698],[76.41,11.665],[76.408,11.753],[76.335,11.731],[76.272,11.803],[76.219,11.8],[76.184,11.864],[76.108,11.851],[76.108,11.971],[75.998,11.924],[75.866,11.946],[75.8,12.071],[75.662,12.091],[75.483,12.286],[75.419,12.286],[75.421,12.367],[75.366,12.407],[75.415,12.497],[75.341,12.456],[75.272,12.54],[75.328,12.585],[75.277,12.612],[75.223,12.563],[75.201,12.625],[75.143,12.633],[75.151,12.676],[75.086,12.698],[75.048,12.66],[75.05,12.715],[74.985,12.73],[74.992,12.79],[74.867,12.755],[74.69,13.348],[74.728,13.277],[74.607,13.867],[74.633,13.849],[74.501,14.023],[74.354,14.503],[74.387,14.547],[74.337,14.569],[74.356,14.522],[74.31,14.521],[74.25,14.74],[74.205,14.718],[74.093,14.803],[74.131,14.842],[74.104,14.904],[74.27,14.967],[74.322,15.184],[74.257,15.258],[74.342,15.293],[74.256,15.489],[74.287,15.526],[74.255,15.654],[74.097,15.671],[74.227,15.786],[74.25,15.741],[74.365,15.774],[74.389,15.844],[74.344,15.852],[74.374,15.892],[74.412,15.853],[74.392,15.901],[74.47,16.041],[74.368,16.053],[74.435,16.111],[74.496,16.102],[74.503,16.231],[74.38,16.294],[74.331,16.273],[74.326,16.379],[74.362,16.365],[74.369,16.394],[74.296,16.459],[74.3,16.503],[74.253,16.495],[74.286,16.503],[74.276,16.544],[74.314,16.502],[74.329,16.553],[74.39,16.528],[74.403,16.579],[74.472,16.605],[74.477,16.661],[74.551,16.633],[74.574,16.552],[74.69,16.605],[74.66,16.638],[74.698,16.715],[74.924,16.77],[74.912,16.856],[74.967,16.905],[74.938,16.941],[75.09,16.949],[75.216,16.84],[75.283,16.874],[75.288,16.955],[75.468,16.985],[75.493,16.943],[75.57,16.964],[75.576,17.008],[75.675,16.96],[75.672,17.036],[75.644,17.036],[75.678,17.094],[75.628,17.17],[75.66,17.261],[75.579,17.383],[75.616,17.392],[75.636,17.477],[75.802,17.37],[75.825,17.423],[75.862,17.386],[75.887,17.417],[75.931,17.324],[76.055,17.354],[76.079,17.33],[76.121,17.366],[76.176,17.297],[76.172,17.349],[76.244,17.375],[76.276,17.331],[76.344,17.35],[76.382,17.312],[76.408,17.369],[76.362,17.375],[76.373,17.434],[76.334,17.432],[76.375,17.494],[76.344,17.494],[76.366,17.522],[76.332,17.595],[76.489,17.661],[76.524,17.759],[76.573,17.76],[76.573,17.702],[76.614,17.768],[76.691,17.68],[76.716,17.782],[76.788,17.826],[76.737,17.857],[76.741,17.898],[76.803,17.868],[76.916,17.915],[76.918,18.033],[76.968,18.097],[76.923,18.116],[76.954,18.185],[77.109,18.153],[77.096,18.195],[77.206,18.278],[77.24,18.409],[77.333,18.442],[77.337,18.435]]]]}},{"type":"Feature","properties":{"ST_NM":"Kerala","NAME_1":"Kerala","code":"DOM-KL","regionCode":"DOM-KL"},"geometry":{"type":"MultiPolygon","coordinates":[[[[74.996,12.788],[74.985,12.73],[75.05,12.715],[75.048,12.66],[75.086,12.698],[75.151,12.676],[75.143,12.633],[75.201,12.625],[75.223,12.563],[75.277,12.612],[75.328,12.585],[75.271,12.553],[75.337,12.458],[75.415,12.497],[75.366,12.407],[75.421,12.367],[75.419,12.286],[75.483,12.286],[75.577,12.151],[75.717,12.062],[75.8,12.071],[75.877,11.941],[75.998,11.924],[76.108,11.971],[76.117,11.843],[76.184,11.864],[76.219,11.8],[76.272,11.803],[76.335,11.731],[76.408,11.753],[76.434,11.633],[76.226,11.564],[76.24,11.46],[76.41,11.434],[76.538,11.352],[76.54,11.292],[76.446,11.23],[76.453,11.18],[76.623,11.186],[76.697,11.231],[76.726,11.209],[76.691,11.145],[76.739,11.121],[76.737,11.047],[76.793,11.042],[76.707,11.031],[76.649,10.924],[76.818,10.862],[76.897,10.771],[76.873,10.629],[76.805,10.626],[76.82,10.295],[76.971,10.209],[77.163,10.346],[77.222,10.34],[77.246,10.221],[77.28,10.207],[77.26,10.119],[77.188,10.092],[77.261,9.964],[77.204,9.894],[77.234,9.789],[77.152,9.606],[77.255,9.565],[77.341,9.595],[77.35,9.526],[77.396,9.496],[77.267,9.291],[77.252,9.143],[77.132,9.012],[77.242,8.865],[77.215,8.776],[77.155,8.738],[77.265,8.543],[77.248,8.501],[77.186,8.493],[77.21,8.438],[77.135,8.379],[77.16,8.313],[77.09,8.298],[76.975,8.385],[76.546,8.902],[76.463,9.134],[76.49,9.17],[76.471,9.142],[76.423,9.246],[76.461,9.14],[76.338,9.416],[76.238,9.966],[76.295,9.918],[76.296,9.893],[76.257,9.916],[76.285,9.833],[76.296,9.89],[76.319,9.876],[76.348,9.712],[76.321,9.871],[76.371,9.82],[76.361,9.7],[76.399,9.674],[76.357,9.525],[76.48,9.511],[76.49,9.541],[76.418,9.56],[76.377,9.865],[76.34,9.92],[76.319,9.889],[76.25,10.03],[76.265,10.079],[76.206,10.147],[76.224,9.977],[76.166,10.171],[76.203,10.139],[76.192,10.194],[76.161,10.187],[76.034,10.526],[76.068,10.545],[76.041,10.575],[76.036,10.51],[75.91,10.792],[75.825,11.123],[75.859,11.139],[75.802,11.159],[75.829,11.181],[75.802,11.163],[75.686,11.444],[75.617,11.477],[75.542,11.682],[75.472,11.764],[75.508,11.761],[75.475,11.767],[75.5,11.799],[75.454,11.77],[75.46,11.807],[75.454,11.778],[75.299,11.944],[75.399,11.915],[75.375,11.957],[75.318,11.946],[75.265,12.007],[75.333,12.01],[75.299,12.016],[75.339,12.048],[75.307,12.034],[75.309,12.103],[75.403,12.137],[75.223,12.105],[75.231,12.025],[75.2,12.007],[75.179,12.081],[75.22,12.071],[75.173,12.086],[75.192,12.133],[75.182,12.095],[74.867,12.753],[74.992,12.79],[74.996,12.788]]]]}},{"type":"Feature","properties":{"ST_NM":"Lakshadweep","NAME_1":"Lakshadweep","code":"DOM-LK","regionCode":"DOM-LK"},"geometry":{"type":"MultiPolygon","coordinates":[[[[72.62,12.1],[72.68,12.1],[72.68,12.16],[72.62,12.16],[72.62,12.1]]],[[[72.7,11.32],[72.77,11.32],[72.77,11.39],[72.7,11.39],[72.7,11.32]]],[[[72.72,10.49],[72.8,10.49],[72.8,10.57],[72.72,10.57],[72.72,10.49]]],[[[72.65,9.14],[72.73,9.14],[72.73,9.22],[72.65,9.22],[72.65,9.14]]],[[[72.6,8.22],[72.68,8.22],[72.68,8.3],[72.6,8.3],[72.6,8.22]]]]}},{"type":"Feature","properties":{"ST_NM":"Madhya Pradesh","NAME_1":"Madhya Pradesh","code":"DOM-MP","regionCode":"DOM-MP"},"geometry":{"type":"Polygon","coordinates":[[[78.365,26.869],[78.39,26.825],[78.566,26.758],[78.715,26.8],[78.865,26.705],[78.948,26.697],[78.938,26.663],[78.993,26.685],[78.98,26.574],[79.061,26.503],[79.049,26.456],[79.127,26.445],[79.077,26.363],[79.134,26.345],[79.084,26.272],[79.037,26.267],[79.057,26.233],[78.977,26.195],[79.001,26.155],[78.943,26.139],[79.003,26.082],[78.847,25.86],[78.862,25.799],[78.811,25.83],[78.82,25.799],[78.747,25.749],[78.811,25.674],[78.805,25.625],[78.649,25.566],[78.429,25.564],[78.421,25.478],[78.348,25.455],[78.296,25.375],[78.443,25.129],[78.328,25.089],[78.328,25],[78.164,24.857],[78.269,24.667],[78.259,24.558],[78.22,24.523],[78.361,24.386],[78.326,24.33],[78.382,24.274],[78.505,24.394],[78.669,24.245],[78.76,24.259],[78.792,24.18],[78.879,24.223],[78.967,24.354],[78.984,24.441],[78.909,24.467],[78.914,24.501],[78.966,24.497],[78.882,24.64],[78.749,24.605],[78.781,24.815],[78.622,24.965],[78.642,25.061],[78.597,25.098],[78.569,25.259],[78.427,25.289],[78.525,25.306],[78.525,25.363],[78.576,25.352],[78.561,25.396],[78.653,25.444],[78.701,25.429],[78.658,25.388],[78.764,25.358],[78.743,25.413],[78.813,25.43],[78.755,25.434],[78.732,25.501],[78.83,25.466],[78.834,25.433],[78.857,25.467],[78.828,25.51],[78.885,25.561],[78.942,25.551],[78.903,25.447],[78.96,25.439],[78.978,25.376],[78.929,25.352],[78.892,25.375],[78.949,25.4],[78.875,25.388],[78.783,25.303],[78.842,25.229],[78.876,25.345],[78.956,25.348],[78.97,25.285],[78.872,25.251],[78.877,25.162],[78.948,25.22],[78.996,25.196],[78.971,25.245],[79.005,25.277],[79.056,25.226],[79.022,25.143],[79.084,25.192],[79.124,25.112],[79.179,25.118],[79.185,25.151],[79.238,25.116],[79.214,25.148],[79.246,25.162],[79.276,25.12],[79.314,25.152],[79.274,25.248],[79.347,25.214],[79.34,25.273],[79.257,25.279],[79.304,25.34],[79.346,25.333],[79.353,25.265],[79.367,25.294],[79.415,25.259],[79.49,25.27],[79.384,25.17],[79.393,25.116],[79.468,25.134],[79.49,25.083],[79.566,25.178],[79.598,25.131],[79.746,25.144],[79.849,25.097],[79.847,25.24],[79.997,25.269],[80.021,25.343],[80.123,25.338],[80.256,25.429],[80.311,25.387],[80.304,25.289],[80.399,25.243],[80.424,25.174],[80.282,25.063],[80.267,25.03],[80.314,25.003],[80.387,25.012],[80.366,25.058],[80.41,25.077],[80.494,25.045],[80.476,25.102],[80.607,25.072],[80.595,25.155],[80.632,25.123],[80.601,25.104],[80.679,25.082],[80.674,25.054],[80.776,25.062],[80.7,25.137],[80.8,25.146],[80.828,25.11],[80.836,25.193],[80.878,25.196],[80.905,25.16],[80.802,24.945],[81.076,24.952],[81.132,24.892],[81.161,24.959],[81.213,24.934],[81.202,24.996],[81.262,25.069],[81.269,25.168],[81.306,25.166],[81.315,25.116],[81.33,25.172],[81.43,25.134],[81.401,25.108],[81.484,25.075],[81.508,25.107],[81.473,25.137],[81.566,25.196],[81.619,25.16],[81.604,25.061],[81.659,25.08],[81.789,25.01],[81.898,25.01],[81.896,24.892],[81.959,24.831],[82.005,24.851],[82.112,24.792],[82.196,24.825],[82.173,24.74],[82.214,24.729],[82.244,24.776],[82.23,24.67],[82.296,24.67],[82.294,24.614],[82.409,24.598],[82.42,24.705],[82.529,24.652],[82.658,24.7],[82.796,24.6],[82.801,24.553],[82.713,24.556],[82.737,24.5],[82.707,24.385],[82.761,24.373],[82.764,24.292],[82.72,24.139],[82.657,24.135],[82.766,24.078],[82.742,24.021],[82.808,23.963],[82.656,23.908],[82.629,23.839],[82.497,23.785],[82.226,23.807],[82.204,23.853],[82.045,23.821],[81.916,23.873],[81.812,23.809],[81.719,23.84],[81.662,23.926],[81.597,23.889],[81.687,23.721],[81.57,23.589],[81.607,23.507],[81.736,23.567],[81.827,23.511],[81.916,23.532],[81.976,23.413],[82.016,23.424],[82.046,23.378],[82.099,23.398],[82.186,23.325],[82.151,23.142],[82.116,23.104],[81.938,23.078],[81.94,22.957],[81.769,22.873],[81.763,22.664],[81.656,22.632],[81.616,22.539],[81.519,22.54],[81.397,22.441],[81.379,22.505],[81.323,22.524],[81.304,22.482],[81.275,22.499],[81.218,22.452],[81.18,22.49],[81.11,22.441],[81.114,22.294],[81.019,22.229],[81.016,22.133],[80.972,22.122],[81.004,22.07],[80.979,22.048],[80.951,22.113],[80.906,22.114],[80.818,21.957],[80.841,21.857],[80.811,21.747],[80.743,21.758],[80.719,21.712],[80.73,21.472],[80.663,21.337],[80.593,21.325],[80.486,21.398],[80.403,21.377],[80.371,21.521],[80.26,21.62],[80.188,21.634],[80.064,21.555],[79.936,21.557],[79.916,21.524],[79.733,21.602],[79.537,21.544],[79.489,21.674],[79.229,21.724],[79.22,21.651],[79.148,21.66],[79.088,21.599],[78.913,21.592],[78.932,21.487],[78.772,21.467],[78.746,21.494],[78.724,21.464],[78.509,21.528],[78.43,21.502],[78.423,21.602],[78.379,21.619],[78.361,21.578],[78.266,21.594],[78.181,21.559],[78.169,21.498],[77.939,21.387],[77.799,21.412],[77.734,21.365],[77.691,21.397],[77.584,21.364],[77.487,21.378],[77.417,21.533],[77.607,21.543],[77.571,21.563],[77.542,21.701],[77.475,21.771],[77.286,21.763],[77.283,21.724],[77.207,21.694],[77.171,21.727],[77.072,21.723],[76.901,21.601],[76.795,21.598],[76.763,21.523],[76.784,21.466],[76.624,21.335],[76.661,21.282],[76.623,21.193],[76.487,21.196],[76.453,21.115],[76.376,21.077],[76.173,21.085],[76.114,21.165],[76.173,21.188],[76.099,21.374],[75.22,21.411],[75.115,21.46],[75.058,21.565],[74.902,21.63],[74.788,21.611],[74.558,21.683],[74.511,21.727],[74.528,21.909],[74.449,21.971],[74.446,22.026],[74.29,21.936],[74.146,21.954],[74.154,21.986],[74.098,22.015],[74.181,22.087],[74.13,22.098],[74.123,22.213],[74.076,22.222],[74.072,22.36],[74.191,22.322],[74.207,22.368],[74.294,22.395],[74.191,22.478],[74.123,22.421],[74.085,22.509],[74.037,22.491],[74.045,22.542],[74.153,22.517],[74.265,22.645],[74.381,22.639],[74.479,22.859],[74.451,22.924],[74.4,22.899],[74.362,22.933],[74.323,23.063],[74.391,23.112],[74.512,23.089],[74.669,23.201],[74.746,23.212],[74.695,23.223],[74.701,23.272],[74.553,23.282],[74.518,23.329],[74.613,23.461],[74.94,23.63],[74.906,23.874],[74.993,24.03],[74.881,24.213],[74.894,24.262],[74.753,24.283],[74.858,24.467],[74.712,24.511],[74.817,24.672],[74.775,24.688],[74.799,24.796],[74.893,24.655],[75,24.709],[75.021,24.773],[74.849,24.793],[74.833,24.968],[74.945,24.878],[75.043,24.859],[75.119,24.889],[75.159,25.046],[75.346,25.043],[75.314,24.9],[75.276,24.977],[75.293,24.923],[75.261,24.89],[75.424,24.893],[75.417,24.864],[75.306,24.813],[75.208,24.91],[75.252,24.837],[75.186,24.768],[75.217,24.722],[75.452,24.693],[75.582,24.723],[75.613,24.688],[75.76,24.765],[75.839,24.73],[75.828,24.613],[75.917,24.572],[75.909,24.456],[75.847,24.419],[75.791,24.475],[75.727,24.405],[75.827,24.246],[75.773,24.221],[75.743,24.14],[75.836,24.111],[75.834,24.075],[75.7,23.969],[75.669,24.034],[75.584,23.992],[75.514,24.049],[75.457,23.921],[75.561,23.86],[75.582,23.8],[75.652,23.802],[75.684,23.761],[75.729,23.858],[75.702,23.904],[75.777,23.854],[75.976,23.933],[75.96,24.025],[76.135,24.095],[76.121,24.196],[76.186,24.331],[76.216,24.217],[76.327,24.254],[76.414,24.207],[76.47,24.231],[76.531,24.163],[76.58,24.181],[76.588,24.25],[76.693,24.285],[76.674,24.193],[76.701,24.171],[76.755,24.172],[76.801,24.12],[76.9,24.131],[76.944,24.206],[76.84,24.339],[76.851,24.469],[76.815,24.534],[76.913,24.544],[76.915,24.488],[76.965,24.461],[77.065,24.57],[77.027,24.711],[76.952,24.765],[76.847,24.75],[76.802,24.82],[76.949,24.873],[76.854,25.01],[76.994,25.08],[77.115,25.069],[77.17,25.114],[77.262,25.119],[77.303,25.084],[77.398,25.113],[77.391,25.188],[77.418,25.193],[77.35,25.272],[77.372,25.32],[77.336,25.326],[77.361,25.413],[77.283,25.424],[77.205,25.311],[77.076,25.34],[76.942,25.275],[76.893,25.322],[76.77,25.312],[76.564,25.442],[76.482,25.718],[76.531,25.734],[76.529,25.798],[76.593,25.874],[76.806,25.953],[76.895,26.098],[77.124,26.238],[77.203,26.237],[77.335,26.357],[77.432,26.365],[77.428,26.407],[77.523,26.415],[77.813,26.555],[77.895,26.662],[77.992,26.703],[78.086,26.683],[78.106,26.801],[78.176,26.791],[78.168,26.832],[78.261,26.821],[78.282,26.864],[78.362,26.871],[78.365,26.869]]]}},{"type":"Feature","properties":{"ST_NM":"Maharashtra","NAME_1":"Maharashtra","code":"DOM-MH","regionCode":"DOM-MH"},"geometry":{"type":"MultiPolygon","coordinates":[[[[74.436,22.031],[74.449,21.971],[74.528,21.909],[74.511,21.726],[74.59,21.665],[74.793,21.61],[74.902,21.63],[75.058,21.565],[75.123,21.453],[75.302,21.389],[76.099,21.374],[76.173,21.188],[76.114,21.171],[76.136,21.126],[76.169,21.086],[76.282,21.075],[76.453,21.115],[76.491,21.198],[76.623,21.193],[76.661,21.282],[76.624,21.335],[76.784,21.466],[76.763,21.523],[76.795,21.598],[76.901,21.601],[77.072,21.723],[77.171,21.727],[77.207,21.694],[77.283,21.724],[77.286,21.763],[77.475,21.771],[77.542,21.701],[77.571,21.563],[77.607,21.543],[77.417,21.533],[77.487,21.378],[77.584,21.364],[77.691,21.397],[77.734,21.365],[77.799,21.412],[77.939,21.387],[78.169,21.498],[78.181,21.559],[78.266,21.594],[78.361,21.578],[78.379,21.619],[78.423,21.602],[78.43,21.502],[78.509,21.528],[78.724,21.464],[78.746,21.494],[78.772,21.467],[78.932,21.487],[78.913,21.592],[79.088,21.599],[79.148,21.66],[79.22,21.651],[79.229,21.724],[79.489,21.674],[79.537,21.544],[79.733,21.602],[79.916,21.524],[79.936,21.557],[80.064,21.555],[80.188,21.634],[80.26,21.62],[80.371,21.521],[80.403,21.377],[80.511,21.392],[80.674,21.309],[80.603,21.227],[80.457,21.173],[80.433,21.097],[80.456,20.932],[80.542,20.934],[80.58,20.684],[80.482,20.617],[80.512,20.585],[80.622,20.604],[80.586,20.396],[80.618,20.334],[80.383,20.242],[80.414,20.19],[80.394,20.144],[80.498,20.139],[80.546,20.066],[80.52,19.931],[80.406,19.933],[80.498,19.869],[80.395,19.795],[80.478,19.772],[80.469,19.825],[80.542,19.819],[80.54,19.775],[80.666,19.692],[80.657,19.612],[80.828,19.563],[80.892,19.466],[80.788,19.427],[80.845,19.361],[80.749,19.287],[80.689,19.284],[80.672,19.326],[80.61,19.307],[80.568,19.401],[80.476,19.335],[80.379,19.233],[80.268,18.987],[80.346,18.811],[80.242,18.76],[80.247,18.701],[80.111,18.676],[79.894,18.831],[79.939,18.859],[79.934,19.022],[79.86,19.035],[79.858,19.104],[79.943,19.171],[79.92,19.226],[79.973,19.401],[79.785,19.594],[79.64,19.575],[79.591,19.502],[79.543,19.549],[79.47,19.497],[79.244,19.613],[79.223,19.468],[79.178,19.461],[79.103,19.528],[78.955,19.552],[78.969,19.649],[78.859,19.656],[78.846,19.758],[78.604,19.817],[78.494,19.793],[78.31,19.913],[78.294,19.85],[78.368,19.781],[78.345,19.714],[78.27,19.663],[78.311,19.604],[78.279,19.558],[78.309,19.456],[78.182,19.412],[78.17,19.236],[78.051,19.242],[77.949,19.341],[77.861,19.302],[77.906,19.267],[77.847,19.197],[77.848,19.09],[77.803,19.102],[77.757,19.029],[77.943,18.822],[77.838,18.808],[77.786,18.684],[77.758,18.707],[77.733,18.676],[77.737,18.555],[77.597,18.547],[77.601,18.474],[77.546,18.463],[77.585,18.445],[77.526,18.427],[77.555,18.418],[77.519,18.349],[77.57,18.308],[77.465,18.26],[77.436,18.306],[77.362,18.308],[77.41,18.389],[77.37,18.401],[77.37,18.448],[77.317,18.454],[77.24,18.409],[77.206,18.278],[77.096,18.195],[77.109,18.153],[76.954,18.185],[76.923,18.116],[76.968,18.097],[76.918,18.033],[76.916,17.915],[76.803,17.868],[76.741,17.898],[76.737,17.857],[76.788,17.826],[76.716,17.782],[76.691,17.68],[76.614,17.768],[76.573,17.702],[76.573,17.76],[76.524,17.759],[76.489,17.661],[76.332,17.595],[76.366,17.522],[76.344,17.494],[76.375,17.494],[76.334,17.432],[76.373,17.434],[76.362,17.375],[76.408,17.369],[76.382,17.312],[76.344,17.35],[76.276,17.331],[76.244,17.375],[76.172,17.349],[76.176,17.297],[76.121,17.366],[76.079,17.33],[76.055,17.354],[75.931,17.324],[75.887,17.417],[75.862,17.386],[75.825,17.423],[75.802,17.37],[75.636,17.477],[75.616,17.392],[75.579,17.383],[75.66,17.261],[75.628,17.17],[75.678,17.094],[75.644,17.036],[75.672,17.036],[75.675,16.96],[75.576,17.008],[75.57,16.964],[75.493,16.943],[75.468,16.985],[75.288,16.955],[75.283,16.874],[75.216,16.84],[75.09,16.949],[74.938,16.941],[74.967,16.905],[74.912,16.856],[74.924,16.77],[74.698,16.715],[74.66,16.638],[74.69,16.605],[74.574,16.552],[74.551,16.633],[74.477,16.661],[74.472,16.605],[74.403,16.579],[74.39,16.528],[74.329,16.553],[74.314,16.502],[74.272,16.539],[74.286,16.503],[74.253,16.495],[74.3,16.503],[74.296,16.459],[74.369,16.394],[74.362,16.365],[74.326,16.379],[74.334,16.268],[74.421,16.281],[74.513,16.201],[74.489,16.087],[74.435,16.111],[74.368,16.053],[74.47,16.041],[74.392,15.901],[74.412,15.853],[74.374,15.892],[74.344,15.852],[74.389,15.844],[74.365,15.774],[74.25,15.741],[74.227,15.786],[74.131,15.718],[74.134,15.678],[74.097,15.671],[74.123,15.645],[74.028,15.605],[73.976,15.629],[73.945,15.742],[73.882,15.749],[73.874,15.795],[73.798,15.725],[73.677,15.725],[73.59,15.912],[73.51,15.937],[73.455,16.055],[73.447,16.225],[73.43,16.199],[73.411,16.273],[73.436,16.287],[73.385,16.337],[73.411,16.362],[73.368,16.363],[73.405,16.405],[73.365,16.398],[73.316,16.514],[73.319,16.557],[73.349,16.504],[73.39,16.514],[73.346,16.556],[73.394,16.553],[73.317,16.601],[73.352,16.595],[73.305,16.729],[73.333,16.817],[73.295,16.817],[73.314,16.889],[73.277,16.892],[73.294,16.986],[73.254,17.027],[73.289,17.007],[73.284,17.04],[73.32,17.038],[73.278,17.04],[73.298,17.078],[73.189,17.298],[73.244,17.307],[73.167,17.405],[73.206,17.439],[73.137,17.556],[73.168,17.582],[73.087,17.839],[73.133,17.83],[73.05,17.907],[73.092,17.941],[73.03,17.944],[73.002,18.021],[73.045,18.041],[72.99,18.055],[72.988,18.194],[72.931,18.22],[72.935,18.281],[72.965,18.28],[72.981,18.242],[73.069,18.222],[73.088,18.151],[73.043,18.297],[73.086,18.288],[73.088,18.327],[73.028,18.264],[72.914,18.355],[72.895,18.473],[72.928,18.542],[72.855,18.697],[72.869,18.805],[72.983,18.81],[72.989,18.866],[72.927,18.851],[72.908,18.902],[72.958,18.909],[72.956,18.974],[73.032,18.999],[72.963,19.058],[72.909,18.991],[72.862,19.003],[72.808,18.891],[72.83,19.182],[72.793,19.13],[72.78,19.166],[72.84,19.267],[72.782,19.193],[72.799,19.331],[72.745,19.463],[72.786,19.526],[72.765,19.504],[72.718,19.539],[72.738,19.598],[72.694,19.729],[72.719,19.755],[72.693,19.736],[72.696,19.805],[72.651,19.854],[72.69,19.958],[72.755,19.927],[72.708,20.07],[72.738,20.137],[72.835,20.145],[72.874,20.226],[72.97,20.212],[72.973,20.131],[73.017,20.135],[73.045,20.072],[73.098,20.094],[73.181,20.052],[73.311,20.207],[73.427,20.202],[73.391,20.39],[73.501,20.54],[73.402,20.649],[73.459,20.714],[73.498,20.653],[73.538,20.674],[73.671,20.562],[73.838,20.616],[73.823,20.694],[73.95,20.742],[73.906,20.983],[73.775,21.011],[73.753,21.114],[73.66,21.108],[73.588,21.168],[73.636,21.133],[73.823,21.172],[73.832,21.267],[73.948,21.298],[73.953,21.402],[74.049,21.419],[74.067,21.482],[74.109,21.448],[74.306,21.479],[74.335,21.54],[74.31,21.567],[74.205,21.529],[74.183,21.562],[74.069,21.559],[73.861,21.496],[73.788,21.625],[73.886,21.645],[73.896,21.7],[73.811,21.823],[74.138,21.953],[74.291,21.936],[74.418,22.026],[74.436,22.031]]]]}},{"type":"Feature","properties":{"ST_NM":"Manipur","NAME_1":"Manipur","code":"DOM-MN","regionCode":"DOM-MN"},"geometry":{"type":"Polygon","coordinates":[[[94.577,25.648],[94.557,25.513],[94.682,25.46],[94.585,25.216],[94.746,25.137],[94.742,25.025],[94.611,24.722],[94.551,24.716],[94.531,24.632],[94.403,24.488],[94.383,24.379],[94.326,24.339],[94.162,23.853],[94.123,23.843],[94.096,23.894],[93.954,23.95],[93.816,23.93],[93.757,24.009],[93.621,24.014],[93.603,23.97],[93.564,23.99],[93.509,23.949],[93.351,24.112],[93.337,24.053],[93.255,24.024],[93.248,24.085],[93.217,24.05],[93.142,24.087],[93.101,24.045],[93.079,24.103],[92.976,24.115],[93.043,24.343],[93.001,24.403],[93.039,24.411],[93.061,24.575],[93.107,24.584],[93.075,24.596],[93.105,24.675],[93.076,24.71],[93.11,24.81],[93.197,24.811],[93.262,24.951],[93.249,25.019],[93.336,25.096],[93.404,25.263],[93.474,25.309],[93.505,25.244],[93.608,25.202],[93.693,25.362],[93.809,25.466],[93.771,25.54],[93.837,25.563],[93.965,25.557],[94.015,25.596],[94.092,25.533],[94.195,25.552],[94.215,25.5],[94.309,25.494],[94.42,25.543],[94.43,25.593],[94.505,25.617],[94.573,25.698],[94.577,25.653],[94.577,25.648]]]}},{"type":"Feature","properties":{"ST_NM":"Meghalaya","NAME_1":"Meghalaya","code":"DOM-ML","regionCode":"DOM-ML"},"geometry":{"type":"Polygon","coordinates":[[[91.854,26.105],[91.922,26],[92.178,26.079],[92.302,26.076],[92.156,25.945],[92.164,25.912],[92.225,25.907],[92.153,25.813],[92.161,25.672],[92.385,25.754],[92.502,25.623],[92.558,25.612],[92.573,25.56],[92.653,25.592],[92.567,25.468],[92.784,25.332],[92.765,25.249],[92.804,25.217],[92.667,25.177],[92.622,25.118],[92.525,25.14],[92.543,25.1],[92.484,25.108],[92.463,25.037],[92.426,25.032],[92.072,25.19],[91.753,25.18],[91.644,25.123],[91.617,25.176],[91.474,25.134],[91.274,25.204],[90.867,25.156],[90.785,25.184],[90.739,25.154],[90.673,25.167],[90.671,25.197],[90.452,25.145],[90.115,25.227],[89.971,25.303],[89.834,25.296],[89.822,25.385],[89.88,25.489],[89.87,25.544],[90.018,25.608],[89.895,25.744],[89.933,25.745],[89.945,25.825],[90.119,25.961],[90.183,25.945],[90.477,26.015],[90.534,25.958],[90.513,25.896],[90.582,25.96],[90.629,25.937],[90.625,25.899],[90.686,25.951],[90.747,25.957],[90.74,25.915],[90.778,25.908],[90.81,25.952],[90.919,25.913],[90.943,25.948],[90.968,25.887],[91.029,25.888],[91.001,25.822],[91.197,25.859],[91.18,25.776],[91.224,25.723],[91.334,25.839],[91.525,25.873],[91.475,25.871],[91.576,26.033],[91.632,26.022],[91.611,25.94],[91.669,25.905],[91.72,25.954],[91.731,26.059],[91.827,26.118],[91.854,26.105]]]}},{"type":"Feature","properties":{"ST_NM":"Mizoram","NAME_1":"Mizoram","code":"DOM-MZ","regionCode":"DOM-MZ"},"geometry":{"type":"Polygon","coordinates":[[[92.801,24.419],[92.833,24.376],[92.912,24.413],[93.024,24.39],[93.027,24.233],[92.976,24.115],[93.079,24.103],[93.101,24.045],[93.148,24.088],[93.217,24.05],[93.248,24.085],[93.255,24.024],[93.337,24.053],[93.445,23.682],[93.414,23.388],[93.366,23.355],[93.394,23.139],[93.298,23.006],[93.195,23.06],[93.133,23.047],[93.168,22.919],[93.099,22.81],[93.092,22.709],[93.144,22.599],[93.112,22.532],[93.191,22.427],[93.209,22.261],[93.147,22.247],[93.154,22.178],[93.047,22.198],[93.066,22.102],[93.013,22.102],[93.009,21.984],[92.956,22.03],[92.911,21.946],[92.868,22.065],[92.718,22.153],[92.684,22.018],[92.61,21.977],[92.57,22.129],[92.61,22.121],[92.614,22.173],[92.527,22.676],[92.448,22.894],[92.375,22.935],[92.361,23.238],[92.409,23.246],[92.281,23.63],[92.259,23.815],[92.331,23.912],[92.337,24.147],[92.297,24.252],[92.422,24.253],[92.467,24.135],[92.53,24.175],[92.551,24.246],[92.612,24.253],[92.624,24.333],[92.691,24.355],[92.765,24.521],[92.8,24.422],[92.801,24.419]]]}},{"type":"Feature","properties":{"ST_NM":"Nagaland","NAME_1":"Nagaland","code":"DOM-NL","regionCode":"DOM-NL"},"geometry":{"type":"Polygon","coordinates":[[[95.214,26.937],[95.234,26.891],[95.184,26.865],[95.245,26.787],[95.238,26.686],[95.155,26.619],[95.066,26.457],[95.136,26.388],[95.121,26.11],[95.186,26.08],[95.022,25.91],[95.052,25.763],[94.938,25.669],[94.905,25.567],[94.849,25.561],[94.813,25.495],[94.633,25.466],[94.557,25.513],[94.595,25.644],[94.573,25.698],[94.505,25.617],[94.43,25.593],[94.42,25.543],[94.314,25.494],[94.215,25.5],[94.195,25.552],[94.092,25.533],[94.015,25.596],[93.965,25.557],[93.837,25.563],[93.771,25.54],[93.809,25.466],[93.693,25.362],[93.613,25.206],[93.505,25.244],[93.452,25.344],[93.462,25.435],[93.332,25.547],[93.706,25.849],[93.688,25.909],[93.773,25.966],[93.796,25.814],[93.979,25.92],[93.955,26.007],[94.005,26.173],[94.108,26.326],[94.175,26.344],[94.186,26.46],[94.277,26.559],[94.317,26.463],[94.4,26.532],[94.408,26.614],[94.465,26.668],[94.756,26.772],[94.924,26.95],[95.021,26.925],[95.195,27.043],[95.212,26.943],[95.214,26.937]]]}},{"type":"Feature","properties":{"ST_NM":"Orissa","NAME_1":"Orissa","code":"DOM-OD","regionCode":"DOM-OD"},"geometry":{"type":"MultiPolygon","coordinates":[[[[84.783,19.111],[84.761,19.071],[84.73,19.089],[84.782,19.111],[84.783,19.111]]],[[[86.27,20.058],[86.308,20.034],[86.245,20.029],[86.27,20.058],[86.27,20.058]]],[[[86.871,20.772],[86.993,20.771],[87.001,20.716],[86.859,20.665],[86.878,20.733],[86.853,20.657],[86.803,20.677],[86.819,20.639],[86.774,20.646],[86.869,20.773],[86.871,20.772]]],[[[86.078,22.53],[86.112,22.483],[86.28,22.445],[86.433,22.302],[86.5,22.341],[86.721,22.217],[86.715,22.143],[86.79,22.154],[86.832,22.095],[86.967,22.078],[87.026,22.029],[86.998,21.907],[87.03,21.865],[87.095,21.86],[87.094,21.908],[87.158,21.93],[87.167,21.973],[87.235,21.954],[87.272,21.803],[87.439,21.764],[87.466,21.725],[87.481,21.608],[87.38,21.546],[87.107,21.518],[86.911,21.34],[86.823,21.194],[86.97,20.823],[86.957,20.785],[86.828,20.772],[86.756,20.613],[86.821,20.64],[86.802,20.675],[86.845,20.651],[86.934,20.711],[87.045,20.709],[86.734,20.479],[86.729,20.405],[86.789,20.37],[86.769,20.331],[86.46,20.162],[86.491,20.158],[86.471,20.098],[86.559,20.201],[86.412,20.055],[86.388,19.976],[86.29,20.061],[86.248,20.053],[86.237,20.027],[86.341,19.972],[86.317,19.95],[86.363,19.953],[85.905,19.832],[85.419,19.623],[84.906,19.27],[84.778,19.11],[84.725,19.096],[84.735,19.144],[84.719,19.096],[84.665,19.157],[84.661,19.122],[84.592,19.124],[84.665,19.066],[84.59,19.013],[84.566,19.065],[84.472,18.981],[84.415,19.014],[84.429,18.914],[84.365,18.896],[84.362,18.851],[84.336,18.867],[84.313,18.779],[84.082,18.745],[84.027,18.802],[83.887,18.805],[83.788,19.008],[83.74,18.978],[83.78,18.908],[83.746,18.918],[83.623,19.154],[83.531,19.005],[83.495,19.011],[83.505,19.065],[83.459,19.07],[83.456,18.946],[83.409,18.996],[83.305,18.99],[83.329,18.917],[83.346,18.957],[83.38,18.923],[83.347,18.927],[83.411,18.859],[83.396,18.831],[83.219,18.766],[83.205,18.716],[83.133,18.772],[83.011,18.639],[83.008,18.588],[83.054,18.587],[83.032,18.548],[83.089,18.538],[83.015,18.444],[83.06,18.429],[83.053,18.375],[82.903,18.356],[82.885,18.413],[82.799,18.439],[82.767,18.331],[82.659,18.287],[82.627,18.229],[82.581,18.27],[82.6,18.369],[82.532,18.393],[82.554,18.438],[82.474,18.537],[82.361,18.41],[82.384,18.369],[82.334,18.317],[82.393,18.306],[82.306,18.196],[82.364,18.135],[82.333,18.142],[82.33,18.04],[82.258,18.035],[82.267,17.986],[82.025,18.058],[81.703,17.861],[81.663,17.877],[81.611,17.815],[81.385,17.807],[81.394,17.885],[81.437,17.876],[81.477,17.97],[81.528,18.259],[81.658,18.339],[81.745,18.345],[81.858,18.513],[81.947,18.559],[81.885,18.65],[81.947,18.629],[81.968,18.691],[82.079,18.712],[82.081,18.756],[82.161,18.791],[82.173,18.895],[82.24,18.91],[82.212,19.09],[82.16,19.127],[82.183,19.32],[82.141,19.362],[82.183,19.418],[82.119,19.424],[82.092,19.51],[82.022,19.502],[82.06,19.783],[81.98,19.796],[81.96,19.855],[81.85,19.908],[81.867,20.036],[81.941,20.102],[82.024,20.01],[82.058,20.05],[82.178,19.978],[82.231,19.998],[82.339,19.83],[82.442,19.903],[82.594,19.864],[82.585,19.771],[82.703,19.831],[82.707,19.99],[82.598,19.986],[82.391,20.06],[82.379,20.145],[82.429,20.283],[82.394,20.335],[82.429,20.426],[82.324,20.554],[82.368,20.624],[82.347,20.884],[82.459,20.824],[82.486,20.904],[82.622,21.037],[82.636,21.149],[82.956,21.175],[83.12,21.101],[83.193,21.139],[83.218,21.26],[83.268,21.269],[83.27,21.375],[83.403,21.348],[83.335,21.496],[83.381,21.613],[83.441,21.649],[83.453,21.605],[83.484,21.626],[83.42,21.675],[83.484,21.742],[83.467,21.783],[83.585,21.844],[83.6,21.911],[83.535,21.963],[83.532,22.034],[83.6,22.066],[83.557,22.1],[83.626,22.206],[83.753,22.243],[83.861,22.344],[84.004,22.368],[84.042,22.464],[83.976,22.502],[83.994,22.529],[84.135,22.471],[84.153,22.401],[84.289,22.337],[84.426,22.349],[84.527,22.42],[84.744,22.415],[84.808,22.447],[84.894,22.418],[85.063,22.478],[85.115,22.291],[85.07,22.272],[84.987,22.077],[85.095,22.099],[85.231,22],[85.363,22.155],[85.591,22.074],[85.645,22.09],[85.681,22.049],[85.802,22.111],[85.831,22.077],[85.788,22.077],[85.761,21.99],[85.905,21.967],[86.027,22.185],[85.97,22.243],[86.043,22.306],[85.993,22.338],[86.022,22.382],[85.958,22.476],[86.038,22.564],[86.069,22.543],[86.078,22.53]]]]}},{"type":"Feature","properties":{"ST_NM":"Puducherry","NAME_1":"Puducherry","code":"DOM-PY","regionCode":"DOM-PY"},"geometry":{"type":"MultiPolygon","coordinates":[[[[79.748,10.982],[79.855,10.976],[79.852,10.828],[79.824,10.818],[79.851,10.814],[79.704,10.919],[79.743,10.985],[79.748,10.982]]],[[[79.691,12.001],[79.75,11.986],[79.716,11.967],[79.737,11.907],[79.8,11.964],[79.838,11.941],[79.791,11.879],[79.82,11.874],[79.8,11.808],[79.75,11.861],[79.728,11.832],[79.659,11.866],[79.683,11.905],[79.725,11.892],[79.678,11.937],[79.699,11.972],[79.642,11.976],[79.692,12.011],[79.691,12.001]]],[[[75.375,12.149],[75.402,12.134],[75.309,12.103],[75.302,12.025],[75.264,12.017],[75.296,11.948],[75.225,12.032],[75.221,12.101],[75.372,12.146],[75.375,12.149]]],[[[82.211,16.728],[82.303,16.723],[82.246,16.717],[82.253,16.69],[82.175,16.725],[82.21,16.731],[82.211,16.728]]]]}},{"type":"Feature","properties":{"ST_NM":"Punjab","NAME_1":"Punjab","code":"DOM-PB","regionCode":"DOM-PB"},"geometry":{"type":"Polygon","coordinates":[[[75.869,32.489],[75.932,32.417],[75.623,32.235],[75.62,32.185],[75.662,32.165],[75.579,32.082],[75.894,31.95],[75.972,31.814],[75.922,31.817],[76.153,31.414],[76.135,31.362],[76.173,31.307],[76.296,31.319],[76.363,31.441],[76.431,31.283],[76.467,31.31],[76.535,31.255],[76.57,31.28],[76.602,31.251],[76.581,31.216],[76.626,31.227],[76.59,31.183],[76.589,31.128],[76.626,31.11],[76.61,31.004],[76.713,30.963],[76.847,30.793],[76.802,30.763],[76.751,30.797],[76.691,30.747],[76.739,30.689],[76.835,30.656],[76.862,30.679],[76.913,30.6],[76.889,30.441],[76.927,30.389],[76.88,30.36],[76.832,30.434],[76.758,30.439],[76.7,30.394],[76.739,30.36],[76.715,30.333],[76.548,30.265],[76.532,30.227],[76.584,30.256],[76.639,30.206],[76.601,30.08],[76.452,30.101],[76.41,30.202],[76.39,30.128],[76.326,30.149],[76.323,30.108],[76.204,30.159],[76.191,30.135],[76.255,30.105],[76.191,30.016],[76.204,29.944],[76.166,29.929],[76.242,29.869],[76.078,29.806],[76.041,29.749],[75.879,29.747],[75.772,29.825],[75.706,29.809],[75.697,29.755],[75.569,29.743],[75.444,29.808],[75.335,29.694],[75.35,29.659],[75.318,29.671],[75.296,29.568],[75.224,29.546],[75.221,29.607],[75.158,29.663],[75.231,29.752],[75.182,29.839],[75.154,29.781],[75.09,29.807],[75.085,29.915],[74.99,29.857],[74.916,29.949],[74.801,29.993],[74.691,29.969],[74.64,29.904],[74.525,29.952],[73.891,29.97],[73.968,30.184],[73.873,30.383],[73.989,30.505],[74.078,30.529],[74.091,30.613],[74.282,30.73],[74.262,30.768],[74.316,30.848],[74.363,30.846],[74.365,30.885],[74.538,30.994],[74.558,31.067],[74.623,31.047],[74.694,31.095],[74.625,31.137],[74.552,31.086],[74.505,31.139],[74.511,31.272],[74.642,31.46],[74.566,31.501],[74.601,31.568],[74.517,31.723],[74.599,31.885],[74.709,31.958],[74.809,31.955],[74.914,32.065],[75.005,32.029],[75.116,32.083],[75.165,32.068],[75.195,32.117],[75.239,32.087],[75.363,32.235],[75.325,32.343],[75.472,32.34],[75.499,32.275],[75.529,32.349],[75.685,32.401],[75.873,32.576],[75.855,32.5],[75.869,32.489]]]}},{"type":"Feature","properties":{"ST_NM":"Rajasthan","NAME_1":"Rajasthan","code":"DOM-RJ","regionCode":"DOM-RJ"},"geometry":{"type":"Polygon","coordinates":[[[73.889,29.978],[74.519,29.943],[74.505,29.908],[74.554,29.866],[74.465,29.788],[74.472,29.744],[74.605,29.753],[74.567,29.564],[74.614,29.527],[74.579,29.459],[74.529,29.45],[74.596,29.328],[74.642,29.331],[74.65,29.372],[74.757,29.356],[74.841,29.404],[74.927,29.365],[74.953,29.282],[75.04,29.287],[75.078,29.233],[75.18,29.269],[75.224,29.235],[75.319,29.293],[75.315,29.236],[75.396,29.262],[75.401,29.189],[75.361,29.143],[75.435,29.017],[75.511,29.011],[75.467,28.926],[75.556,28.615],[75.618,28.602],[75.629,28.546],[75.778,28.458],[75.77,28.408],[75.922,28.369],[76.093,28.155],[76.028,28.173],[75.936,28.093],[75.985,28.051],[76.036,28.074],[75.97,28.031],[75.963,27.937],[75.924,27.933],[75.977,27.909],[75.963,27.865],[76.088,27.868],[76.173,27.808],[76.223,27.841],[76.155,27.999],[76.214,28.032],[76.177,28.059],[76.265,28.069],[76.337,28.03],[76.355,28.074],[76.297,28.101],[76.356,28.128],[76.289,28.183],[76.377,28.138],[76.471,28.155],[76.498,28.107],[76.449,28.093],[76.498,28.065],[76.454,28.05],[76.538,28.039],[76.538,27.971],[76.66,28.019],[76.651,28.097],[76.791,28.157],[76.806,28.216],[76.9,28.205],[76.962,28.144],[76.883,27.724],[76.903,27.659],[76.971,27.657],[76.993,27.742],[77.079,27.738],[77.021,27.778],[77.038,27.82],[77.126,27.776],[77.194,27.822],[77.232,27.786],[77.295,27.8],[77.343,27.657],[77.311,27.612],[77.35,27.593],[77.335,27.53],[77.43,27.462],[77.432,27.399],[77.575,27.327],[77.614,27.343],[77.592,27.301],[77.673,27.2],[77.498,27.095],[77.627,27.015],[77.673,27.052],[77.704,27],[77.755,27.023],[77.422,26.867],[77.448,26.747],[77.493,26.767],[77.498,26.848],[77.605,26.833],[77.753,26.938],[77.89,26.89],[77.9,26.924],[78.007,26.911],[78.022,26.861],[78.042,26.915],[78.102,26.905],[78.115,26.955],[78.262,26.93],[78.191,26.889],[78.214,26.849],[78.161,26.827],[78.18,26.794],[78.1,26.797],[78.086,26.683],[77.992,26.703],[77.895,26.662],[77.813,26.555],[77.523,26.415],[77.428,26.407],[77.437,26.368],[77.335,26.357],[77.203,26.237],[77.124,26.238],[76.888,26.093],[76.746,25.909],[76.593,25.874],[76.529,25.798],[76.531,25.734],[76.482,25.718],[76.564,25.442],[76.77,25.312],[76.893,25.322],[76.942,25.275],[77.076,25.34],[77.205,25.311],[77.283,25.424],[77.361,25.413],[77.336,25.326],[77.372,25.32],[77.35,25.272],[77.418,25.193],[77.391,25.188],[77.398,25.113],[77.303,25.084],[77.262,25.119],[77.17,25.114],[77.115,25.069],[76.994,25.08],[76.854,25.01],[76.949,24.873],[76.802,24.82],[76.847,24.75],[76.952,24.765],[77.027,24.711],[77.065,24.57],[76.965,24.461],[76.915,24.488],[76.913,24.544],[76.815,24.534],[76.851,24.469],[76.84,24.339],[76.944,24.206],[76.9,24.131],[76.801,24.12],[76.755,24.172],[76.701,24.171],[76.674,24.193],[76.693,24.285],[76.588,24.25],[76.58,24.181],[76.531,24.163],[76.47,24.231],[76.414,24.207],[76.327,24.254],[76.216,24.217],[76.186,24.331],[76.121,24.196],[76.135,24.095],[75.96,24.025],[75.976,23.933],[75.777,23.854],[75.702,23.904],[75.729,23.858],[75.684,23.761],[75.652,23.802],[75.582,23.8],[75.561,23.86],[75.457,23.921],[75.514,24.049],[75.584,23.992],[75.669,24.034],[75.7,23.969],[75.834,24.075],[75.836,24.111],[75.743,24.14],[75.773,24.221],[75.827,24.246],[75.727,24.405],[75.791,24.475],[75.847,24.419],[75.909,24.456],[75.917,24.572],[75.828,24.613],[75.839,24.73],[75.76,24.765],[75.613,24.688],[75.582,24.723],[75.452,24.693],[75.217,24.722],[75.186,24.768],[75.252,24.837],[75.208,24.91],[75.306,24.813],[75.417,24.864],[75.424,24.893],[75.261,24.89],[75.293,24.923],[75.276,24.977],[75.314,24.9],[75.346,25.043],[75.159,25.046],[75.119,24.889],[75.043,24.859],[74.92,24.892],[74.846,24.974],[74.849,24.793],[75.007,24.796],[75.02,24.753],[74.943,24.66],[74.893,24.655],[74.799,24.796],[74.775,24.688],[74.817,24.672],[74.712,24.511],[74.858,24.467],[74.753,24.283],[74.894,24.262],[74.881,24.213],[74.993,24.03],[74.906,23.874],[74.94,23.63],[74.613,23.461],[74.518,23.329],[74.553,23.282],[74.701,23.272],[74.695,23.223],[74.746,23.212],[74.669,23.201],[74.512,23.089],[74.391,23.112],[74.323,23.063],[74.246,23.188],[74.183,23.152],[74.127,23.179],[74.134,23.27],[74.044,23.296],[73.971,23.377],[73.894,23.337],[73.832,23.447],[73.765,23.459],[73.726,23.413],[73.704,23.456],[73.633,23.452],[73.661,23.623],[73.577,23.655],[73.513,23.617],[73.508,23.703],[73.363,23.787],[73.362,23.862],[73.425,23.931],[73.374,24.128],[73.246,24.011],[73.199,24.052],[73.224,24.098],[73.083,24.185],[73.145,24.308],[73.231,24.365],[73.17,24.351],[73.085,24.395],[73.094,24.495],[73,24.471],[72.963,24.384],[72.992,24.364],[72.924,24.326],[72.868,24.366],[72.733,24.361],[72.697,24.457],[72.545,24.507],[72.508,24.41],[72.465,24.407],[72.442,24.504],[72.251,24.58],[72.354,24.618],[72.165,24.614],[72.052,24.706],[71.944,24.627],[71.876,24.675],[71.858,24.604],[71.799,24.671],[71.662,24.633],[71.617,24.671],[71.488,24.674],[71.383,24.622],[71.351,24.653],[71.298,24.608],[71.119,24.669],[70.945,24.934],[70.894,25.144],[70.674,25.389],[70.666,25.697],[70.4,25.664],[70.28,25.701],[70.096,25.944],[70.083,26.074],[70.173,26.245],[70.168,26.551],[70.066,26.599],[69.815,26.592],[69.515,26.74],[69.484,26.806],[69.513,27.017],[69.587,27.178],[70.016,27.556],[70.157,27.834],[70.366,28.008],[70.563,28.02],[70.672,27.914],[70.758,27.717],[70.884,27.698],[71.273,27.842],[71.658,27.869],[71.897,27.957],[71.933,28.127],[72.184,28.358],[72.302,28.665],[72.385,28.764],[72.944,29.03],[73.271,29.557],[73.391,29.938],[73.787,30.066],[73.966,30.195],[73.967,30.121],[73.898,30.054],[73.888,29.982],[73.889,29.978]]]}},{"type":"Feature","properties":{"ST_NM":"Sikkim","NAME_1":"Sikkim","code":"DOM-SK","regionCode":"DOM-SK"},"geometry":{"type":"Polygon","coordinates":[[[88.645,28.099],[88.829,28.015],[88.836,27.932],[88.881,27.892],[88.847,27.669],[88.767,27.565],[88.783,27.456],[88.922,27.326],[88.907,27.284],[88.801,27.248],[88.733,27.137],[88.692,27.179],[88.559,27.189],[88.432,27.082],[88.305,27.129],[88.093,27.136],[88.075,27.201],[88.017,27.219],[88.069,27.336],[88.049,27.405],[88.083,27.426],[88.046,27.496],[88.204,27.837],[88.13,27.881],[88.124,27.951],[88.389,27.978],[88.483,28.046],[88.539,28.039],[88.608,28.128],[88.641,28.102],[88.645,28.099]]]}},{"type":"Feature","properties":{"ST_NM":"Tamil Nadu","NAME_1":"Tamil Nadu","code":"DOM-TN","regionCode":"DOM-TN"},"geometry":{"type":"MultiPolygon","coordinates":[[[[79.312,9.329],[79.326,9.261],[79.44,9.158],[79.297,9.247],[79.215,9.254],[79.205,9.28],[79.31,9.329],[79.312,9.329]]],[[[80.076,13.527],[80.241,13.47],[80.312,13.369],[80.316,13.428],[80.329,13.367],[80.326,13.443],[80.345,13.273],[80.306,13.215],[80.334,13.235],[80.248,12.805],[80.233,12.846],[80.254,12.777],[80.185,12.578],[80.165,12.604],[80.156,12.467],[80.051,12.326],[80.058,12.367],[80.017,12.34],[80.063,12.351],[79.945,12.22],[80.007,12.255],[79.838,11.941],[79.8,11.964],[79.737,11.907],[79.716,11.967],[79.75,11.986],[79.706,11.977],[79.679,12.019],[79.642,11.976],[79.699,11.972],[79.678,11.937],[79.725,11.892],[79.683,11.905],[79.659,11.866],[79.728,11.832],[79.75,11.861],[79.801,11.808],[79.757,11.564],[79.838,11.357],[79.847,11.244],[79.805,11.236],[79.848,11.243],[79.855,10.978],[79.737,10.989],[79.746,10.943],[79.704,10.952],[79.704,10.919],[79.851,10.814],[79.883,10.302],[79.743,10.275],[79.778,10.302],[79.636,10.318],[79.63,10.363],[79.614,10.317],[79.551,10.312],[79.739,10.277],[79.526,10.305],[79.589,10.333],[79.545,10.348],[79.526,10.319],[79.456,10.342],[79.512,10.309],[79.386,10.317],[79.295,10.261],[79.229,10.144],[79.267,10.038],[78.981,9.69],[78.898,9.489],[79.019,9.329],[79.191,9.282],[78.833,9.269],[78.719,9.19],[78.658,9.192],[78.657,9.158],[78.489,9.15],[78.365,9.092],[78.261,9.019],[78.169,8.882],[78.158,8.771],[78.198,8.789],[78.23,8.749],[78.17,8.745],[78.105,8.652],[78.13,8.497],[78.067,8.37],[77.804,8.248],[77.746,8.177],[77.576,8.136],[77.551,8.076],[77.316,8.121],[77.091,8.297],[77.16,8.313],[77.135,8.379],[77.21,8.438],[77.186,8.493],[77.265,8.537],[77.155,8.738],[77.215,8.776],[77.242,8.865],[77.132,9.012],[77.252,9.143],[77.267,9.291],[77.396,9.496],[77.35,9.526],[77.341,9.595],[77.255,9.565],[77.152,9.606],[77.234,9.789],[77.204,9.894],[77.261,9.964],[77.188,10.096],[77.26,10.119],[77.28,10.207],[77.246,10.221],[77.222,10.34],[77.163,10.346],[76.971,10.209],[76.82,10.295],[76.805,10.626],[76.873,10.629],[76.897,10.771],[76.818,10.862],[76.649,10.924],[76.707,11.031],[76.793,11.042],[76.737,11.047],[76.739,11.121],[76.691,11.145],[76.726,11.209],[76.697,11.231],[76.623,11.186],[76.453,11.18],[76.446,11.23],[76.54,11.292],[76.538,11.352],[76.41,11.434],[76.24,11.46],[76.226,11.564],[76.35,11.583],[76.504,11.698],[76.56,11.61],[76.837,11.575],[76.829,11.644],[76.9,11.783],[76.96,11.765],[77.004,11.803],[77.109,11.713],[77.103,11.763],[77.242,11.803],[77.419,11.751],[77.484,11.932],[77.665,11.94],[77.767,12.109],[77.719,12.171],[77.483,12.19],[77.463,12.244],[77.606,12.36],[77.625,12.477],[77.575,12.468],[77.606,12.5],[77.57,12.558],[77.59,12.658],[77.731,12.664],[77.799,12.787],[77.785,12.834],[77.826,12.859],[77.924,12.878],[77.91,12.82],[77.946,12.849],[77.981,12.796],[78.047,12.842],[78.121,12.77],[78.221,12.753],[78.19,12.681],[78.264,12.692],[78.368,12.612],[78.455,12.612],[78.51,12.699],[78.484,12.735],[78.548,12.686],[78.647,12.919],[78.614,12.979],[78.651,13.018],[78.694,13.004],[78.702,13.056],[78.876,13.086],[78.882,13.02],[78.925,13.019],[78.894,13.035],[78.914,13.068],[78.98,13.076],[79.153,13.007],[79.218,13.136],[79.308,13.097],[79.348,13.163],[79.424,13.188],[79.425,13.281],[79.375,13.303],[79.429,13.324],[79.536,13.311],[79.58,13.245],[79.668,13.282],[79.689,13.207],[79.744,13.195],[79.785,13.223],[79.721,13.272],[79.925,13.336],[79.962,13.451],[80.036,13.485],[79.99,13.527],[80.073,13.534],[80.076,13.527]]]]}},{"type":"Feature","properties":{"ST_NM":"Tripura","NAME_1":"Tripura","code":"DOM-TR","regionCode":"DOM-TR"},"geometry":{"type":"Polygon","coordinates":[[[92.185,24.523],[92.234,24.5],[92.273,24.389],[92.213,24.249],[92.297,24.252],[92.329,24.191],[92.322,23.87],[92.275,23.849],[92.224,23.657],[92.18,23.743],[92.073,23.645],[91.962,23.728],[91.975,23.482],[91.844,23.396],[91.771,23.264],[91.835,23.094],[91.619,22.944],[91.548,22.995],[91.511,23.182],[91.419,23.28],[91.389,23.18],[91.422,23.059],[91.356,23.095],[91.297,23.321],[91.326,23.362],[91.297,23.355],[91.254,23.49],[91.167,23.599],[91.161,23.671],[91.199,23.647],[91.21,23.688],[91.158,23.691],[91.16,23.739],[91.225,23.74],[91.258,23.84],[91.235,23.929],[91.276,23.926],[91.284,23.983],[91.378,23.977],[91.378,24.11],[91.596,24.08],[91.64,24.108],[91.668,24.23],[91.692,24.159],[91.761,24.142],[91.743,24.247],[91.847,24.228],[91.903,24.138],[91.942,24.268],[91.92,24.336],[91.957,24.356],[91.998,24.323],[91.974,24.389],[92.119,24.384],[92.173,24.431],[92.152,24.5],[92.181,24.523],[92.185,24.523]]]}},{"type":"Feature","properties":{"ST_NM":"Uttar Pradesh","NAME_1":"Uttar Pradesh","code":"DOM-UP","regionCode":"DOM-UP"},"geometry":{"type":"Polygon","coordinates":[[[77.585,30.409],[77.931,30.247],[77.838,30.112],[77.786,30.1],[77.702,29.872],[77.793,29.682],[77.952,29.705],[77.977,29.614],[77.947,29.59],[77.984,29.588],[77.988,29.546],[78.332,29.796],[78.413,29.772],[78.488,29.741],[78.518,29.639],[78.605,29.562],[78.923,29.456],[78.87,29.392],[78.809,29.383],[78.789,29.329],[78.757,29.35],[78.714,29.317],[78.853,29.261],[78.9,29.151],[78.967,29.166],[79.017,29.118],[79.027,29.172],[79.131,29.129],[79.158,29.023],[79.204,29.029],[79.299,28.953],[79.36,28.971],[79.411,28.856],[79.537,28.892],[79.551,28.846],[79.666,28.848],[79.775,28.892],[79.809,28.863],[79.783,28.805],[79.854,28.844],[79.876,28.818],[79.841,28.809],[79.901,28.802],[79.922,28.733],[79.968,28.716],[80.058,28.835],[80.12,28.829],[80.254,28.756],[80.373,28.629],[80.453,28.629],[80.519,28.552],[80.505,28.665],[80.57,28.688],[80.791,28.524],[80.91,28.497],[80.917,28.457],[81.019,28.452],[81.034,28.399],[81.212,28.36],[81.322,28.197],[81.32,28.133],[81.428,28.171],[81.48,28.082],[81.887,27.857],[81.928,27.86],[81.97,27.929],[82.07,27.923],[82.451,27.679],[82.71,27.722],[82.758,27.587],[82.737,27.503],[83.19,27.454],[83.32,27.33],[83.412,27.413],[83.391,27.48],[83.617,27.469],[83.833,27.369],[83.859,27.351],[83.831,27.321],[83.917,27.325],[83.898,27.259],[83.985,27.182],[83.939,27.093],[84.021,27.096],[83.991,27.069],[84.041,27.045],[84.052,26.892],[84.141,26.888],[84.169,26.834],[84.241,26.862],[84.234,26.739],[84.298,26.753],[84.326,26.684],[84.402,26.671],[84.414,26.627],[84.272,26.599],[84.082,26.643],[84.048,26.544],[83.902,26.518],[83.902,26.45],[84.011,26.448],[84.072,26.384],[84.171,26.374],[84.159,26.246],[84.011,26.241],[84.003,26.178],[84.166,25.991],[84.529,25.878],[84.527,25.834],[84.62,25.794],[84.631,25.728],[84.556,25.736],[84.552,25.684],[84.536,25.727],[84.488,25.678],[84.331,25.745],[84.286,25.662],[84.203,25.67],[84.148,25.731],[84.094,25.72],[84.076,25.637],[83.917,25.558],[83.81,25.466],[83.838,25.437],[83.762,25.388],[83.695,25.396],[83.336,25.184],[83.357,25.124],[83.316,25.027],[83.354,24.871],[83.387,24.784],[83.48,24.738],[83.498,24.652],[83.542,24.625],[83.498,24.527],[83.393,24.501],[83.4,24.409],[83.451,24.365],[83.376,24.314],[83.402,24.266],[83.349,24.126],[83.19,23.921],[82.939,23.876],[82.746,24.013],[82.766,24.078],[82.663,24.124],[82.671,24.159],[82.72,24.139],[82.764,24.292],[82.761,24.373],[82.707,24.385],[82.737,24.5],[82.713,24.556],[82.801,24.553],[82.763,24.646],[82.695,24.644],[82.658,24.7],[82.529,24.652],[82.432,24.706],[82.402,24.684],[82.409,24.598],[82.294,24.614],[82.296,24.67],[82.23,24.67],[82.244,24.776],[82.214,24.729],[82.173,24.74],[82.196,24.825],[82.112,24.792],[82.005,24.851],[81.959,24.831],[81.896,24.892],[81.898,25.01],[81.789,25.01],[81.659,25.08],[81.604,25.061],[81.619,25.16],[81.566,25.196],[81.473,25.137],[81.508,25.107],[81.484,25.075],[81.401,25.108],[81.43,25.134],[81.33,25.172],[81.315,25.116],[81.306,25.166],[81.269,25.168],[81.262,25.069],[81.202,24.996],[81.213,24.934],[81.161,24.959],[81.132,24.892],[81.076,24.952],[80.802,24.945],[80.905,25.16],[80.878,25.196],[80.836,25.193],[80.828,25.11],[80.8,25.146],[80.7,25.137],[80.776,25.062],[80.674,25.054],[80.679,25.082],[80.601,25.104],[80.632,25.123],[80.595,25.155],[80.607,25.072],[80.476,25.102],[80.494,25.045],[80.441,25.082],[80.366,25.058],[80.382,25.01],[80.278,25.022],[80.351,25.145],[80.424,25.174],[80.399,25.243],[80.304,25.289],[80.311,25.387],[80.256,25.429],[80.123,25.338],[80.021,25.343],[79.997,25.269],[79.847,25.24],[79.856,25.099],[79.746,25.144],[79.598,25.131],[79.566,25.178],[79.49,25.083],[79.468,25.134],[79.399,25.113],[79.384,25.17],[79.49,25.27],[79.415,25.259],[79.367,25.294],[79.358,25.264],[79.346,25.333],[79.295,25.34],[79.26,25.271],[79.34,25.273],[79.347,25.214],[79.274,25.248],[79.303,25.133],[79.26,25.122],[79.236,25.161],[79.238,25.116],[79.185,25.151],[79.129,25.111],[79.084,25.192],[79.022,25.143],[79.056,25.226],[79.005,25.277],[78.971,25.245],[78.996,25.196],[78.948,25.22],[78.872,25.166],[78.876,25.256],[78.97,25.285],[78.953,25.35],[78.876,25.345],[78.842,25.229],[78.783,25.298],[78.875,25.388],[78.949,25.4],[78.892,25.375],[78.929,25.352],[78.978,25.376],[78.96,25.439],[78.903,25.447],[78.931,25.56],[78.828,25.51],[78.857,25.467],[78.834,25.433],[78.83,25.466],[78.732,25.501],[78.755,25.434],[78.813,25.43],[78.743,25.413],[78.764,25.358],[78.658,25.388],[78.701,25.429],[78.653,25.444],[78.561,25.396],[78.576,25.352],[78.525,25.363],[78.525,25.306],[78.427,25.289],[78.569,25.259],[78.597,25.098],[78.642,25.061],[78.622,24.965],[78.781,24.815],[78.749,24.605],[78.882,24.64],[78.966,24.497],[78.914,24.501],[78.909,24.467],[78.984,24.441],[78.967,24.354],[78.879,24.223],[78.792,24.18],[78.76,24.259],[78.669,24.245],[78.505,24.394],[78.407,24.277],[78.342,24.305],[78.361,24.386],[78.216,24.532],[78.259,24.558],[78.269,24.667],[78.164,24.857],[78.328,25],[78.328,25.089],[78.443,25.129],[78.296,25.375],[78.348,25.455],[78.421,25.478],[78.429,25.564],[78.649,25.566],[78.805,25.625],[78.811,25.674],[78.747,25.749],[78.82,25.799],[78.811,25.83],[78.862,25.799],[78.847,25.86],[79.003,26.082],[78.943,26.139],[79.001,26.155],[78.977,26.195],[79.127,26.316],[79.134,26.345],[79.077,26.366],[79.127,26.445],[79.049,26.456],[79.061,26.503],[78.98,26.574],[78.993,26.685],[78.938,26.663],[78.948,26.697],[78.865,26.705],[78.715,26.8],[78.566,26.758],[78.39,26.825],[78.351,26.874],[78.282,26.864],[78.261,26.821],[78.21,26.836],[78.191,26.889],[78.262,26.924],[78.216,26.954],[78.111,26.953],[78.102,26.905],[78.042,26.915],[78.022,26.861],[78.007,26.911],[77.9,26.924],[77.89,26.89],[77.753,26.938],[77.605,26.833],[77.498,26.848],[77.48,26.754],[77.429,26.77],[77.422,26.867],[77.755,27.023],[77.714,26.998],[77.678,27.05],[77.627,27.015],[77.557,27.037],[77.566,27.078],[77.514,27.07],[77.502,27.099],[77.673,27.2],[77.592,27.301],[77.614,27.343],[77.575,27.327],[77.432,27.399],[77.43,27.462],[77.335,27.53],[77.35,27.593],[77.311,27.612],[77.337,27.696],[77.276,27.806],[77.536,27.949],[77.469,28.086],[77.542,28.182],[77.489,28.212],[77.519,28.202],[77.541,28.248],[77.467,28.27],[77.496,28.307],[77.464,28.338],[77.494,28.358],[77.475,28.413],[77.295,28.561],[77.336,28.609],[77.323,28.716],[77.194,28.802],[77.214,29.006],[77.122,29.106],[77.154,29.335],[77.118,29.357],[77.147,29.39],[77.086,29.601],[77.189,29.922],[77.27,30.048],[77.414,30.107],[77.424,30.169],[77.57,30.311],[77.584,30.41],[77.585,30.409]]]}},{"type":"Feature","properties":{"ST_NM":"Uttaranchal","NAME_1":"Uttaranchal","code":"DOM-UK","regionCode":"DOM-UK"},"geometry":{"type":"Polygon","coordinates":[[[79.195,31.354],[79.285,31.17],[79.382,31.118],[79.413,31.038],[79.497,31.041],[79.587,30.943],[79.742,31.007],[79.855,30.979],[79.915,30.892],[80.103,30.78],[80.157,30.813],[80.224,30.764],[80.18,30.67],[80.216,30.579],[80.526,30.454],[80.584,30.487],[80.811,30.32],[81.02,30.253],[80.912,30.223],[80.865,30.169],[80.879,30.128],[80.749,30.007],[80.605,29.959],[80.497,29.797],[80.438,29.806],[80.37,29.751],[80.409,29.595],[80.344,29.553],[80.304,29.453],[80.245,29.445],[80.319,29.313],[80.299,29.205],[80.25,29.221],[80.273,29.142],[80.146,29.103],[80.137,29.007],[80.06,28.916],[80.072,28.83],[79.988,28.717],[79.922,28.733],[79.901,28.802],[79.841,28.809],[79.876,28.818],[79.854,28.844],[79.783,28.805],[79.809,28.863],[79.775,28.892],[79.666,28.848],[79.551,28.846],[79.537,28.892],[79.411,28.856],[79.36,28.971],[79.299,28.953],[79.204,29.029],[79.158,29.023],[79.131,29.129],[79.027,29.172],[79.017,29.118],[78.967,29.166],[78.9,29.151],[78.853,29.261],[78.714,29.317],[78.757,29.35],[78.789,29.329],[78.809,29.383],[78.87,29.392],[78.923,29.456],[78.605,29.562],[78.527,29.624],[78.474,29.748],[78.332,29.796],[77.988,29.546],[77.984,29.588],[77.947,29.59],[77.977,29.614],[77.952,29.705],[77.793,29.682],[77.702,29.872],[77.786,30.1],[77.838,30.112],[77.931,30.247],[77.563,30.417],[77.811,30.533],[77.73,30.598],[77.782,30.619],[77.779,30.664],[77.688,30.769],[77.745,30.881],[77.789,30.858],[77.796,30.924],[77.746,30.922],[77.735,30.96],[77.817,30.954],[77.801,31.062],[77.888,31.155],[78.014,31.155],[78.356,31.291],[78.47,31.204],[78.595,31.236],[78.648,31.195],[78.795,31.205],[78.862,31.112],[78.942,31.105],[78.997,31.118],[78.91,31.234],[78.923,31.325],[78.992,31.364],[79.045,31.468],[79.129,31.439],[79.194,31.355],[79.195,31.354]]]}},{"type":"Feature","properties":{"ST_NM":"West Bengal","NAME_1":"West Bengal","code":"DOM-WB","regionCode":"DOM-WB"},"geometry":{"type":"MultiPolygon","coordinates":[[[[88.498,21.6],[88.531,21.543],[88.482,21.555],[88.497,21.6],[88.498,21.6]]],[[[88.835,21.607],[88.904,21.556],[88.843,21.554],[88.834,21.607],[88.835,21.607]]],[[[88.729,21.637],[88.736,21.572],[88.707,21.594],[88.729,21.638],[88.729,21.637]]],[[[88.537,21.639],[88.588,21.602],[88.55,21.564],[88.557,21.604],[88.51,21.602],[88.537,21.639],[88.537,21.639]]],[[[88.772,21.653],[88.798,21.592],[88.751,21.577],[88.73,21.64],[88.772,21.653],[88.772,21.653]]],[[[88.577,21.692],[88.601,21.62],[88.554,21.64],[88.577,21.692],[88.577,21.692]]],[[[88.984,21.706],[89.029,21.605],[88.964,21.646],[88.951,21.701],[88.984,21.705],[88.984,21.706]]],[[[88.807,21.707],[88.797,21.655],[88.731,21.685],[88.806,21.707],[88.807,21.707]]],[[[88.311,21.706],[88.358,21.648],[88.315,21.608],[88.311,21.706],[88.311,21.706]]],[[[88.454,21.709],[88.442,21.615],[88.419,21.683],[88.453,21.709],[88.454,21.709]]],[[[88.697,21.713],[88.751,21.649],[88.723,21.639],[88.697,21.713],[88.697,21.713]]],[[[88.204,21.721],[88.212,21.602],[88.181,21.688],[88.204,21.721],[88.204,21.721]]],[[[89.059,21.722],[89.095,21.647],[89.052,21.617],[89.01,21.705],[89.059,21.722],[89.059,21.722]]],[[[88.978,21.727],[89.02,21.714],[89.008,21.652],[88.978,21.727],[88.978,21.727]]],[[[88.546,21.736],[88.591,21.691],[88.543,21.724],[88.574,21.694],[88.549,21.636],[88.517,21.711],[88.545,21.736],[88.546,21.736]]],[[[88.883,21.745],[88.94,21.695],[88.921,21.632],[88.873,21.694],[88.882,21.745],[88.883,21.745]]],[[[88.412,21.731],[88.432,21.627],[88.399,21.596],[88.404,21.715],[88.369,21.727],[88.412,21.732],[88.412,21.731]]],[[[88.221,21.762],[88.272,21.754],[88.311,21.676],[88.292,21.563],[88.216,21.616],[88.22,21.762],[88.221,21.762]]],[[[88.927,21.762],[88.987,21.745],[88.984,21.706],[88.923,21.72],[88.927,21.762],[88.927,21.762]]],[[[88.365,21.764],[88.398,21.713],[88.361,21.686],[88.365,21.764],[88.365,21.764]]],[[[89.005,21.765],[89.059,21.726],[89.017,21.718],[89.005,21.765],[89.005,21.765]]],[[[88.832,21.766],[88.865,21.759],[88.846,21.62],[88.809,21.639],[88.815,21.71],[88.763,21.701],[88.831,21.766],[88.832,21.766]]],[[[88.582,21.778],[88.616,21.728],[88.58,21.726],[88.582,21.778],[88.582,21.778]]],[[[89,21.785],[89.005,21.716],[88.951,21.758],[88.999,21.786],[89,21.785]]],[[[88.459,21.789],[88.433,21.704],[88.424,21.768],[88.458,21.789],[88.459,21.789]]],[[[88.716,21.807],[88.777,21.721],[88.736,21.719],[88.748,21.658],[88.695,21.744],[88.716,21.807],[88.716,21.807]]],[[[88.545,21.81],[88.573,21.736],[88.519,21.719],[88.535,21.792],[88.504,21.772],[88.543,21.811],[88.545,21.81]]],[[[88.422,21.811],[88.423,21.72],[88.383,21.779],[88.421,21.811],[88.422,21.811]]],[[[88.787,21.745],[88.757,21.733],[88.75,21.77],[88.782,21.825],[88.788,21.745],[88.787,21.745]]],[[[88.916,21.826],[88.898,21.752],[88.883,21.808],[88.914,21.826],[88.916,21.826]]],[[[88.941,21.847],[88.977,21.821],[88.914,21.756],[88.939,21.847],[88.941,21.847]]],[[[88.331,21.861],[88.38,21.787],[88.317,21.709],[88.311,21.796],[88.26,21.803],[88.33,21.861],[88.331,21.861]]],[[[88.856,21.865],[88.913,21.728],[88.835,21.782],[88.854,21.865],[88.856,21.865]]],[[[88.137,21.875],[88.171,21.742],[88.155,21.65],[88.109,21.626],[88.037,21.675],[88.137,21.875],[88.137,21.875]]],[[[88.789,21.879],[88.83,21.862],[88.795,21.791],[88.766,21.829],[88.789,21.878],[88.789,21.879]]],[[[88.979,21.893],[89.03,21.834],[88.971,21.775],[88.943,21.787],[88.977,21.805],[88.95,21.838],[88.978,21.893],[88.979,21.893]]],[[[88.622,21.898],[88.653,21.868],[88.639,21.785],[88.595,21.854],[88.621,21.898],[88.622,21.898]]],[[[88.447,21.905],[88.49,21.856],[88.462,21.79],[88.392,21.833],[88.446,21.905],[88.447,21.905]]],[[[88.718,21.907],[88.781,21.859],[88.758,21.781],[88.697,21.838],[88.718,21.907],[88.718,21.907]]],[[[88.837,21.918],[88.915,21.928],[88.977,21.867],[88.943,21.885],[88.947,21.841],[88.907,21.879],[88.939,21.85],[88.888,21.812],[88.835,21.919],[88.837,21.918]]],[[[88.724,21.932],[88.799,21.92],[88.808,21.884],[88.776,21.87],[88.723,21.932],[88.724,21.932]]],[[[88.745,21.98],[88.799,21.926],[88.733,21.925],[88.745,21.98],[88.745,21.98]]],[[[88.66,22.019],[88.716,22.001],[88.678,21.943],[88.629,21.958],[88.659,22.02],[88.66,22.019]]],[[[88.141,22.026],[88.047,21.912],[88.073,21.995],[88.141,22.026],[88.141,22.026]]],[[[88.813,22.019],[88.903,22.012],[88.907,21.93],[88.752,21.956],[88.753,21.985],[88.8,21.971],[88.762,22.015],[88.812,22.02],[88.813,22.019]]],[[[89.016,22.051],[89.074,22.004],[89.06,21.932],[88.999,21.95],[89.032,22.002],[88.975,21.993],[88.985,22.055],[89.016,22.051],[89.016,22.051]]],[[[88.871,22.079],[88.89,22.048],[88.836,22.025],[88.82,22.064],[88.871,22.08],[88.871,22.079]]],[[[88.803,22.085],[88.836,22.066],[88.748,22.057],[88.783,22.107],[88.803,22.086],[88.803,22.085]]],[[[88.818,22.123],[88.868,22.082],[88.805,22.085],[88.817,22.123],[88.818,22.123]]],[[[88.865,22.167],[88.915,22.09],[88.831,22.127],[88.865,22.167],[88.865,22.167]]],[[[88.95,22.189],[88.985,22.128],[88.924,22.024],[88.946,22],[88.935,22.056],[88.964,22.057],[89.013,21.902],[88.976,21.946],[88.938,21.935],[88.913,21.994],[88.901,22.065],[88.94,22.128],[88.894,22.17],[88.949,22.189],[88.95,22.189]]],[[[89.002,22.199],[89.05,22.131],[89.015,22.114],[89.038,22.053],[89.023,22.079],[88.978,22.04],[88.973,22.193],[89.001,22.199],[89.002,22.199]]],[[[88.695,22.209],[88.789,22.169],[88.683,22.08],[88.736,22.031],[88.721,22.005],[88.664,22.024],[88.634,22.106],[88.695,22.209],[88.695,22.209]]],[[[88.845,22.189],[88.856,22.144],[88.705,22.065],[88.844,22.189],[88.845,22.189]]],[[[88.813,22.283],[88.834,22.167],[88.747,22.199],[88.812,22.283],[88.813,22.283]]],[[[88.85,22.363],[88.937,22.299],[88.954,22.225],[88.914,22.22],[88.843,22.29],[88.919,22.165],[88.841,22.214],[88.876,22.253],[88.839,22.215],[88.882,22.2],[88.801,22.226],[88.83,22.254],[88.804,22.33],[88.85,22.363],[88.85,22.363]]],[[[88.985,22.382],[89.023,22.297],[88.994,22.286],[89.069,22.147],[89.096,22.155],[89.062,22.128],[88.947,22.256],[88.967,22.408],[88.985,22.383],[88.985,22.382]]],[[[88.898,22.549],[88.898,22.367],[88.844,22.507],[88.897,22.55],[88.898,22.549]]],[[[88.92,22.565],[88.96,22.549],[88.999,22.43],[88.958,22.365],[88.939,22.419],[88.942,22.31],[88.896,22.38],[88.93,22.39],[88.895,22.466],[88.92,22.565],[88.92,22.565]]],[[[88.127,27.123],[88.305,27.129],[88.432,27.082],[88.53,27.15],[88.521,27.178],[88.591,27.195],[88.8,27.137],[88.87,27.109],[88.875,26.951],[88.919,26.996],[88.962,26.924],[89.025,26.94],[89.131,26.808],[89.377,26.866],[89.459,26.806],[89.645,26.781],[89.632,26.719],[89.757,26.736],[89.776,26.699],[89.857,26.704],[89.87,26.448],[89.827,26.396],[89.857,26.384],[89.782,26.353],[89.759,26.289],[89.716,26.302],[89.737,26.271],[89.705,26.27],[89.729,26.238],[89.697,26.217],[89.732,26.212],[89.695,26.189],[89.734,26.173],[89.685,26.16],[89.689,26.228],[89.638,26.228],[89.661,26.176],[89.595,26.157],[89.633,26.119],[89.597,26.101],[89.633,26.107],[89.652,26.062],[89.608,26.064],[89.591,25.976],[89.555,25.965],[89.552,26.001],[89.467,25.998],[89.43,26.046],[89.352,26.011],[89.23,26.123],[89.167,26.134],[89.108,26.282],[89.144,26.321],[89.091,26.322],[89.094,26.399],[88.964,26.463],[88.911,26.412],[88.92,26.37],[88.966,26.364],[88.964,26.333],[88.991,26.352],[88.992,26.305],[89.065,26.294],[89.07,26.255],[88.97,26.242],[88.886,26.291],[88.885,26.239],[88.847,26.234],[88.749,26.353],[88.704,26.334],[88.703,26.389],[88.621,26.471],[88.557,26.457],[88.561,26.489],[88.435,26.547],[88.415,26.634],[88.377,26.593],[88.334,26.479],[88.356,26.446],[88.368,26.487],[88.484,26.46],[88.525,26.36],[88.458,26.374],[88.352,26.282],[88.353,26.22],[88.18,26.146],[88.187,26.024],[88.087,25.913],[88.117,25.797],[88.152,25.774],[88.27,25.808],[88.457,25.66],[88.446,25.597],[88.5,25.581],[88.543,25.507],[88.699,25.47],[88.81,25.52],[88.844,25.362],[89.011,25.292],[88.957,25.259],[88.923,25.167],[88.845,25.211],[88.804,25.172],[88.709,25.21],[88.446,25.196],[88.454,25.036],[88.401,24.946],[88.342,24.939],[88.325,24.866],[88.264,24.875],[88.228,24.959],[88.14,24.936],[88.176,24.861],[88.011,24.667],[88.148,24.506],[88.333,24.383],[88.448,24.377],[88.555,24.297],[88.586,24.326],[88.735,24.275],[88.695,24.113],[88.738,24.059],[88.727,23.994],[88.771,23.985],[88.735,23.978],[88.731,23.913],[88.576,23.86],[88.602,23.817],[88.559,23.784],[88.562,23.642],[88.592,23.637],[88.581,23.601],[88.645,23.608],[88.743,23.481],[88.799,23.495],[88.746,23.31],[88.697,23.297],[88.721,23.252],[88.797,23.216],[88.818,23.251],[88.995,23.212],[88.87,23.095],[88.873,23.004],[88.847,23.002],[88.909,22.877],[88.968,22.843],[88.919,22.762],[88.947,22.66],[88.81,22.711],[88.809,22.751],[88.847,22.752],[88.806,22.734],[88.958,22.611],[88.843,22.508],[88.852,22.433],[88.766,22.561],[88.769,22.514],[88.691,22.524],[88.677,22.593],[88.689,22.524],[88.778,22.506],[88.876,22.355],[88.819,22.364],[88.734,22.196],[88.635,22.216],[88.685,22.293],[88.666,22.339],[88.679,22.294],[88.631,22.222],[88.672,22.201],[88.619,22.109],[88.573,22.189],[88.637,22.045],[88.604,22.023],[88.597,22.067],[88.607,21.913],[88.578,21.889],[88.546,21.974],[88.57,21.903],[88.528,21.853],[88.495,21.879],[88.525,21.93],[88.494,21.967],[88.543,21.981],[88.555,22.036],[88.542,21.982],[88.491,21.966],[88.521,21.915],[88.474,21.895],[88.461,22.012],[88.459,21.919],[88.409,21.885],[88.376,21.97],[88.406,21.92],[88.391,21.799],[88.355,21.823],[88.356,21.924],[88.353,21.857],[88.262,21.859],[88.266,21.884],[88.314,21.847],[88.259,21.808],[88.282,21.761],[88.252,21.802],[88.272,21.73],[88.163,21.879],[88.154,21.96],[88.224,22.075],[88.203,22.167],[88.07,22.212],[88.105,22.305],[88.049,22.22],[87.985,22.245],[87.946,22.406],[87.884,22.442],[87.942,22.368],[87.94,22.26],[88.009,22.201],[88.136,22.185],[88.189,22.099],[88.062,22.013],[87.963,22.104],[88.053,22.01],[87.929,21.801],[87.79,21.695],[87.482,21.609],[87.444,21.761],[87.262,21.814],[87.235,21.954],[87.167,21.973],[87.158,21.93],[87.094,21.908],[87.095,21.86],[87.03,21.865],[86.998,21.907],[87.018,22.041],[86.832,22.095],[86.79,22.154],[86.715,22.143],[86.723,22.215],[86.8,22.214],[86.79,22.263],[86.886,22.252],[86.886,22.294],[86.829,22.325],[86.844,22.396],[86.762,22.425],[86.745,22.476],[86.799,22.499],[86.76,22.572],[86.652,22.576],[86.618,22.673],[86.539,22.721],[86.507,22.701],[86.416,22.776],[86.463,22.897],[86.433,22.923],[86.518,22.944],[86.54,22.987],[86.206,22.994],[86.037,23.144],[85.915,23.13],[85.832,23.193],[85.826,23.263],[85.896,23.371],[85.866,23.47],[85.944,23.455],[86.047,23.494],[86.011,23.552],[86.037,23.584],[86.145,23.568],[86.145,23.473],[86.239,23.47],[86.243,23.42],[86.3,23.42],[86.372,23.483],[86.358,23.543],[86.44,23.63],[86.792,23.687],[86.82,23.761],[86.793,23.831],[86.871,23.844],[86.882,23.814],[86.895,23.88],[87.124,23.795],[87.166,23.82],[87.131,23.867],[87.243,23.826],[87.248,23.907],[87.27,23.873],[87.294,23.899],[87.238,24.041],[87.458,23.981],[87.434,24.008],[87.511,24.04],[87.494,24.115],[87.576,24.085],[87.608,24.129],[87.569,24.156],[87.692,24.154],[87.636,24.242],[87.756,24.304],[87.81,24.407],[87.785,24.415],[87.823,24.494],[87.795,24.491],[87.806,24.545],[87.769,24.582],[87.848,24.551],[87.91,24.594],[87.873,24.611],[87.913,24.659],[87.901,24.722],[87.818,24.766],[87.973,24.896],[87.773,25.099],[87.788,25.221],[87.837,25.199],[87.856,25.278],[87.784,25.332],[87.76,25.41],[87.926,25.536],[88.028,25.486],[88.073,25.504],[88.021,25.587],[88.049,25.691],[87.898,25.77],[87.911,25.852],[87.823,25.872],[87.804,25.921],[87.842,26.044],[87.968,26.081],[87.964,26.152],[88.07,26.176],[88.292,26.354],[88.238,26.375],[88.268,26.422],[88.179,26.491],[88.231,26.552],[88.145,26.511],[88.105,26.536],[88.191,26.771],[88.138,26.985],[87.994,27.105],[88.017,27.219],[88.075,27.201],[88.123,27.124],[88.127,27.123]]]]}}]}
